Id,País de origem,País de destino,Ano,Quantidade (kg/L),Valor em US$
1,Brasil,Afeganistão,2007,0,0
2,Brasil,África do Sul,2007,0,0
3,Brasil,"Alemanha, República Democrática",2007,119512,238052
4,Brasil,Angola,2007,25931,49753
5,Brasil,Anguilla,2007,0,0
6,Brasil,Antígua e Barbuda,2007,0,0
7,Brasil,Antilhas Holandesas,2007,17025,17949
8,Brasil,Argentina,2007,0,0
9,Brasil,Aruba,2007,0,0
10,Brasil,Austrália,2007,60,281
11,Brasil,Áustria,2007,0,0
12,Brasil,Bahamas,2007,0,0
13,Brasil,Bangladesh,2007,0,0
14,Brasil,Barbados,2007,0,0
15,Brasil,Barein,2007,0,0
16,Brasil,Bélgica,2007,1077,3751
17,Brasil,Belice,2007,0,0
18,Brasil,Benin,2007,0,0
19,Brasil,Bolívia,2007,4985,3550
20,Brasil,Bósnia-Herzegovina,2007,0,0
21,Brasil,Brasil,2007,0,0
22,Brasil,Bulgária,2007,0,0
23,Brasil,Cabo Verde,2007,0,0
24,Brasil,Camarões,2007,0,0
25,Brasil,Canadá,2007,4172,18838
26,Brasil,Catar,2007,0,0
27,Brasil,"Cayman, Ilhas",2007,0,0
28,Brasil,Chile,2007,60930,67353
29,Brasil,China,2007,7638,30390
30,Brasil,Chipre,2007,0,0
31,Brasil,Cingapura,2007,7270,17864
32,Brasil,"Cocos (Keeling), Ilhas",2007,0,0
33,Brasil,Colômbia,2007,0,0
34,Brasil,Comores,2007,0,0
35,Brasil,Congo,2007,0,0
36,Brasil,"Coreia, Republica Sul",2007,1012,4650
37,Brasil,Costa do Marfim,2007,0,0
38,Brasil,Costa Rica,2007,0,0
39,Brasil,Croácia,2007,0,0
40,Brasil,Cuba,2007,2669,5118
41,Brasil,Curaçao,2007,0,0
42,Brasil,Dinamarca,2007,3480,11176
43,Brasil,Dominica,2007,0,0
44,Brasil,El Salvador,2007,0,0
45,Brasil,Emirados Arabes Unidos,2007,0,0
46,Brasil,Equador,2007,2700,3585
47,Brasil,"Eslovaca, Republica",2007,0,0
48,Brasil,Espanha,2007,0,0
49,Brasil,Estados Unidos,2007,479269,810038
50,Brasil,Estônia,2007,77697,54056
51,Brasil,Filipinas,2007,0,0
52,Brasil,Finlândia,2007,0,0
53,Brasil,França,2007,6349,11231
54,Brasil,Gana,2007,0,0
55,Brasil,Gibraltar,2007,0,0
56,Brasil,Granada,2007,0,0
57,Brasil,Grécia,2007,0,0
58,Brasil,Guatemala,2007,0,0
59,Brasil,Guiana,2007,0,0
60,Brasil,Guiana Francesa,2007,0,0
61,Brasil,Guine Bissau,2007,0,0
62,Brasil,Guine Equatorial,2007,0,0
63,Brasil,Haiti,2007,0,0
64,Brasil,Honduras,2007,0,0
65,Brasil,Hong Kong,2007,0,0
66,Brasil,Hungria,2007,0,0
67,Brasil,Ilha de Man,2007,0,0
68,Brasil,Ilhas Virgens,2007,0,0
69,Brasil,India,2007,0,0
70,Brasil,Indonésia,2007,0,0
71,Brasil,Irã,2007,0,0
72,Brasil,Iraque,2007,0,0
73,Brasil,Irlanda,2007,0,0
74,Brasil,Itália,2007,7209,19860
75,Brasil,Jamaica,2007,0,0
76,Brasil,Japão,2007,357943,316867
77,Brasil,Jordânia,2007,0,0
78,Brasil,Letônia,2007,0,0
79,Brasil,Líbano,2007,0,0
80,Brasil,Libéria,2007,0,0
81,Brasil,Luxemburgo,2007,785,2033
82,Brasil,Malásia,2007,0,0
83,Brasil,Malta,2007,0,0
84,Brasil,"Marshall, Ilhas",2007,0,0
85,Brasil,Mauritânia,2007,0,0
86,Brasil,México,2007,2453,15425
87,Brasil,Moçambique,2007,0,0
88,Brasil,Montenegro,2007,0,0
89,Brasil,Namibia,2007,0,0
90,Brasil,Nicaragua,2007,0,0
91,Brasil,Nigéria,2007,0,0
92,Brasil,Noruega,2007,10044,10044
93,Brasil,Nova Caledônia,2007,0,0
94,Brasil,Nova Zelândia,2007,0,0
95,Brasil,Omã,2007,0,0
96,Brasil,Países Baixos,2007,181046,364751
97,Brasil,Panamá,2007,810,1030
98,Brasil,Paraguai,2007,1285459,801519
99,Brasil,Peru,2007,0,0
100,Brasil,Polônia,2007,0,0
101,Brasil,Porto Rico,2007,0,0
102,Brasil,Portugal,2007,109074,165282
103,Brasil,Quênia,2007,10600,13860
104,Brasil,Reino Unido,2007,84613,144244
105,Brasil,República Dominicana,2007,601,2438
106,Brasil,Rússia,2007,266400,173160
107,Brasil,São Tomé e Príncipe,2007,0,0
108,Brasil,São Vicente e Granadinas,2007,0,0
109,Brasil,Senegal,2007,0,0
110,Brasil,Serra Leoa,2007,0,0
111,Brasil,Singapura,2007,0,0
112,Brasil,Suazilândia,2007,0,0
113,Brasil,Suécia,2007,919,2448
114,Brasil,Suíça,2007,26090,70716
115,Brasil,Suriname,2007,2700,4603
116,Brasil,Tailândia,2007,839,2020
117,Brasil,Taiwan (FORMOSA),2007,6377,11214
118,Brasil,Tanzânia,2007,0,0
119,Brasil,"Tcheca, República",2007,85303,189620
120,Brasil,Togo,2007,11,11
121,Brasil,Trinidade Tobago,2007,0,0
122,Brasil,Tunísia,2007,0,0
123,Brasil,Turquia,2007,0,0
124,Brasil,Tuvalu,2007,0,0
125,Brasil,Uruguai,2007,0,0
126,Brasil,Vanuatu,2007,0,0
127,Brasil,Venezuela,2007,20700,27370
128,Brasil,Vietnã,2007,0,0
1,Brasil,Afeganistão,2008,0,0
2,Brasil,África do Sul,2008,0,0
3,Brasil,"Alemanha, República Democrática",2008,265742,429970
4,Brasil,Angola,2008,25721,71083
5,Brasil,Anguilla,2008,0,0
6,Brasil,Antígua e Barbuda,2008,0,0
7,Brasil,Antilhas Holandesas,2008,17938,22908
8,Brasil,Argentina,2008,0,0
9,Brasil,Aruba,2008,0,0
10,Brasil,Austrália,2008,218726,99280
11,Brasil,Áustria,2008,0,0
12,Brasil,Bahamas,2008,0,0
13,Brasil,Bangladesh,2008,0,0
14,Brasil,Barbados,2008,0,0
15,Brasil,Barein,2008,0,0
16,Brasil,Bélgica,2008,3523,12969
17,Brasil,Belice,2008,0,0
18,Brasil,Benin,2008,10350,17423
19,Brasil,Bolívia,2008,3979,3990
20,Brasil,Bósnia-Herzegovina,2008,0,0
21,Brasil,Brasil,2008,0,0
22,Brasil,Bulgária,2008,0,0
23,Brasil,Cabo Verde,2008,0,0
24,Brasil,Camarões,2008,0,0
25,Brasil,Canadá,2008,20949,80476
26,Brasil,Catar,2008,0,0
27,Brasil,"Cayman, Ilhas",2008,0,0
28,Brasil,Chile,2008,0,0
29,Brasil,China,2008,8689,25926
30,Brasil,Chipre,2008,0,0
31,Brasil,Cingapura,2008,1233,4699
32,Brasil,"Cocos (Keeling), Ilhas",2008,0,0
33,Brasil,Colômbia,2008,0,0
34,Brasil,Comores,2008,0,0
35,Brasil,Congo,2008,0,0
36,Brasil,"Coreia, Republica Sul",2008,3520,14366
37,Brasil,Costa do Marfim,2008,0,0
38,Brasil,Costa Rica,2008,55,200
39,Brasil,Croácia,2008,0,0
40,Brasil,Cuba,2008,0,0
41,Brasil,Curaçao,2008,0,0
42,Brasil,Dinamarca,2008,518,15905
43,Brasil,Dominica,2008,0,0
44,Brasil,El Salvador,2008,0,0
45,Brasil,Emirados Arabes Unidos,2008,2437,12298
46,Brasil,Equador,2008,0,0
47,Brasil,"Eslovaca, Republica",2008,585,16063
48,Brasil,Espanha,2008,2942,6834
49,Brasil,Estados Unidos,2008,443895,804607
50,Brasil,Estônia,2008,4114,9730
51,Brasil,Filipinas,2008,0,0
52,Brasil,Finlândia,2008,0,0
53,Brasil,França,2008,11078,27500
54,Brasil,Gana,2008,18168,25642
55,Brasil,Gibraltar,2008,0,0
56,Brasil,Granada,2008,0,0
57,Brasil,Grécia,2008,0,0
58,Brasil,Guatemala,2008,0,0
59,Brasil,Guiana,2008,0,0
60,Brasil,Guiana Francesa,2008,0,0
61,Brasil,Guine Bissau,2008,0,0
62,Brasil,Guine Equatorial,2008,548,1417
63,Brasil,Haiti,2008,20,20
64,Brasil,Honduras,2008,162,580
65,Brasil,Hong Kong,2008,2430,13460
66,Brasil,Hungria,2008,0,0
67,Brasil,Ilha de Man,2008,0,0
68,Brasil,Ilhas Virgens,2008,0,0
69,Brasil,India,2008,0,0
70,Brasil,Indonésia,2008,0,0
71,Brasil,Irã,2008,0,0
72,Brasil,Iraque,2008,0,0
73,Brasil,Irlanda,2008,0,0
74,Brasil,Itália,2008,0,0
75,Brasil,Jamaica,2008,0,0
76,Brasil,Japão,2008,232293,178333
77,Brasil,Jordânia,2008,0,0
78,Brasil,Letônia,2008,0,0
79,Brasil,Líbano,2008,0,0
80,Brasil,Libéria,2008,0,0
81,Brasil,Luxemburgo,2008,13606,42341
82,Brasil,Malásia,2008,0,0
83,Brasil,Malta,2008,0,0
84,Brasil,"Marshall, Ilhas",2008,0,0
85,Brasil,Mauritânia,2008,0,0
86,Brasil,México,2008,0,0
87,Brasil,Moçambique,2008,0,0
88,Brasil,Montenegro,2008,0,0
89,Brasil,Namibia,2008,340,722
90,Brasil,Nicaragua,2008,0,0
91,Brasil,Nigéria,2008,7560,10920
92,Brasil,Noruega,2008,0,0
93,Brasil,Nova Caledônia,2008,0,0
94,Brasil,Nova Zelândia,2008,0,0
95,Brasil,Omã,2008,0,0
96,Brasil,Países Baixos,2008,340412,783635
97,Brasil,Panamá,2008,1161,1882
98,Brasil,Paraguai,2008,2191901,1374088
99,Brasil,Peru,2008,0,0
100,Brasil,Polônia,2008,20290,58353
101,Brasil,Porto Rico,2008,0,0
102,Brasil,Portugal,2008,49090,48942
103,Brasil,Quênia,2008,0,0
104,Brasil,Reino Unido,2008,100097,155076
105,Brasil,República Dominicana,2008,0,0
106,Brasil,Rússia,2008,6207658,2352768
107,Brasil,São Tomé e Príncipe,2008,0,0
108,Brasil,São Vicente e Granadinas,2008,0,0
109,Brasil,Senegal,2008,0,0
110,Brasil,Serra Leoa,2008,0,0
111,Brasil,Singapura,2008,0,0
112,Brasil,Suazilândia,2008,0,0
113,Brasil,Suécia,2008,26984,84564
114,Brasil,Suíça,2008,54384,216317
115,Brasil,Suriname,2008,900,1625
116,Brasil,Tailândia,2008,0,0
117,Brasil,Taiwan (FORMOSA),2008,10030,18679
118,Brasil,Tanzânia,2008,0,0
119,Brasil,"Tcheca, República",2008,17135,64709
120,Brasil,Togo,2008,5160,7800
121,Brasil,Trinidade Tobago,2008,0,0
122,Brasil,Tunísia,2008,0,0
123,Brasil,Turquia,2008,0,0
124,Brasil,Tuvalu,2008,0,0
125,Brasil,Uruguai,2008,0,0
126,Brasil,Vanuatu,2008,0,0
127,Brasil,Venezuela,2008,0,0
128,Brasil,Vietnã,2008,0,0
1,Brasil,Afeganistão,2009,0,0
2,Brasil,África do Sul,2009,0,0
3,Brasil,"Alemanha, República Democrática",2009,225086,393482
4,Brasil,Angola,2009,54786,84235
5,Brasil,Anguilla,2009,0,0
6,Brasil,Antígua e Barbuda,2009,0,0
7,Brasil,Antilhas Holandesas,2009,8235,10651
8,Brasil,Argentina,2009,162,4523
9,Brasil,Aruba,2009,0,0
10,Brasil,Austrália,2009,1014,9195
11,Brasil,Áustria,2009,0,0
12,Brasil,Bahamas,2009,0,0
13,Brasil,Bangladesh,2009,0,0
14,Brasil,Barbados,2009,0,0
15,Brasil,Barein,2009,0,0
16,Brasil,Bélgica,2009,125962,58764
17,Brasil,Belice,2009,0,0
18,Brasil,Benin,2009,0,0
19,Brasil,Bolívia,2009,40463,20729
20,Brasil,Bósnia-Herzegovina,2009,0,0
21,Brasil,Brasil,2009,0,0
22,Brasil,Bulgária,2009,0,0
23,Brasil,Cabo Verde,2009,0,0
24,Brasil,Camarões,2009,0,0
25,Brasil,Canadá,2009,15664,73445
26,Brasil,Catar,2009,0,0
27,Brasil,"Cayman, Ilhas",2009,0,0
28,Brasil,Chile,2009,1475,4297
29,Brasil,China,2009,1553416,482400
30,Brasil,Chipre,2009,0,0
31,Brasil,Cingapura,2009,2419,6110
32,Brasil,"Cocos (Keeling), Ilhas",2009,0,0
33,Brasil,Colômbia,2009,0,0
34,Brasil,Comores,2009,0,0
35,Brasil,Congo,2009,0,0
36,Brasil,"Coreia, Republica Sul",2009,0,0
37,Brasil,Costa do Marfim,2009,0,0
38,Brasil,Costa Rica,2009,0,0
39,Brasil,Croácia,2009,0,0
40,Brasil,Cuba,2009,0,0
41,Brasil,Curaçao,2009,0,0
42,Brasil,Dinamarca,2009,1980,21780
43,Brasil,Dominica,2009,0,0
44,Brasil,El Salvador,2009,55,100
45,Brasil,Emirados Arabes Unidos,2009,1398,4032
46,Brasil,Equador,2009,0,0
47,Brasil,"Eslovaca, Republica",2009,0,0
48,Brasil,Espanha,2009,2181,4050
49,Brasil,Estados Unidos,2009,372319,660066
50,Brasil,Estônia,2009,5438,10802
51,Brasil,Filipinas,2009,0,0
52,Brasil,Finlândia,2009,0,0
53,Brasil,França,2009,0,0
54,Brasil,Gana,2009,0,0
55,Brasil,Gibraltar,2009,0,0
56,Brasil,Granada,2009,0,0
57,Brasil,Grécia,2009,0,0
58,Brasil,Guatemala,2009,20,20
59,Brasil,Guiana,2009,0,0
60,Brasil,Guiana Francesa,2009,0,0
61,Brasil,Guine Bissau,2009,0,0
62,Brasil,Guine Equatorial,2009,169,272
63,Brasil,Haiti,2009,4500,5863
64,Brasil,Honduras,2009,14,30
65,Brasil,Hong Kong,2009,50319,27188
66,Brasil,Hungria,2009,0,0
67,Brasil,Ilha de Man,2009,0,0
68,Brasil,Ilhas Virgens,2009,0,0
69,Brasil,India,2009,0,0
70,Brasil,Indonésia,2009,0,0
71,Brasil,Irã,2009,0,0
72,Brasil,Iraque,2009,0,0
73,Brasil,Irlanda,2009,0,0
74,Brasil,Itália,2009,1817,5251
75,Brasil,Jamaica,2009,0,0
76,Brasil,Japão,2009,217974,283436
77,Brasil,Jordânia,2009,0,0
78,Brasil,Letônia,2009,0,0
79,Brasil,Líbano,2009,0,0
80,Brasil,Libéria,2009,0,0
81,Brasil,Luxemburgo,2009,7845,42124
82,Brasil,Malásia,2009,0,0
83,Brasil,Malta,2009,0,0
84,Brasil,"Marshall, Ilhas",2009,0,0
85,Brasil,Mauritânia,2009,0,0
86,Brasil,México,2009,0,0
87,Brasil,Moçambique,2009,0,0
88,Brasil,Montenegro,2009,0,0
89,Brasil,Namibia,2009,0,0
90,Brasil,Nicaragua,2009,24,24
91,Brasil,Nigéria,2009,41,115
92,Brasil,Noruega,2009,0,0
93,Brasil,Nova Caledônia,2009,0,0
94,Brasil,Nova Zelândia,2009,0,0
95,Brasil,Omã,2009,0,0
96,Brasil,Países Baixos,2009,171654,136991
97,Brasil,Panamá,2009,24,30
98,Brasil,Paraguai,2009,486927,392087
99,Brasil,Peru,2009,0,0
100,Brasil,Polônia,2009,6982,35797
101,Brasil,Porto Rico,2009,0,0
102,Brasil,Portugal,2009,141000,168923
103,Brasil,Quênia,2009,0,0
104,Brasil,Reino Unido,2009,30092,68788
105,Brasil,República Dominicana,2009,0,0
106,Brasil,Rússia,2009,21912914,5732280
107,Brasil,São Tomé e Príncipe,2009,0,0
108,Brasil,São Vicente e Granadinas,2009,0,0
109,Brasil,Senegal,2009,0,0
110,Brasil,Serra Leoa,2009,0,0
111,Brasil,Singapura,2009,0,0
112,Brasil,Suazilândia,2009,0,0
113,Brasil,Suécia,2009,28334,52826
114,Brasil,Suíça,2009,27653,81319
115,Brasil,Suriname,2009,3830,12918
116,Brasil,Tailândia,2009,0,0
117,Brasil,Taiwan (FORMOSA),2009,0,0
118,Brasil,Tanzânia,2009,0,0
119,Brasil,"Tcheca, República",2009,9269,43902
120,Brasil,Togo,2009,0,0
121,Brasil,Trinidade Tobago,2009,0,0
122,Brasil,Tunísia,2009,0,0
123,Brasil,Turquia,2009,0,0
124,Brasil,Tuvalu,2009,0,0
125,Brasil,Uruguai,2009,0,0
126,Brasil,Vanuatu,2009,0,0
127,Brasil,Venezuela,2009,0,0
128,Brasil,Vietnã,2009,743,2143
1,Brasil,Afeganistão,2010,0,0
2,Brasil,África do Sul,2010,0,0
3,Brasil,"Alemanha, República Democrática",2010,27715,138666
4,Brasil,Angola,2010,33557,189891
5,Brasil,Anguilla,2010,0,0
6,Brasil,Antígua e Barbuda,2010,0,0
7,Brasil,Antilhas Holandesas,2010,9810,12808
8,Brasil,Argentina,2010,0,0
9,Brasil,Aruba,2010,0,0
10,Brasil,Austrália,2010,1823,17960
11,Brasil,Áustria,2010,0,0
12,Brasil,Bahamas,2010,3175,12759
13,Brasil,Bangladesh,2010,0,0
14,Brasil,Barbados,2010,0,0
15,Brasil,Barein,2010,0,0
16,Brasil,Bélgica,2010,42532,185411
17,Brasil,Belice,2010,0,0
18,Brasil,Benin,2010,0,0
19,Brasil,Bolívia,2010,54,282
20,Brasil,Bósnia-Herzegovina,2010,0,0
21,Brasil,Brasil,2010,0,0
22,Brasil,Bulgária,2010,0,0
23,Brasil,Cabo Verde,2010,11991,49366
24,Brasil,Camarões,2010,0,0
25,Brasil,Canadá,2010,0,0
26,Brasil,Catar,2010,0,0
27,Brasil,"Cayman, Ilhas",2010,0,0
28,Brasil,Chile,2010,0,0
29,Brasil,China,2010,795,2358
30,Brasil,Chipre,2010,0,0
31,Brasil,Cingapura,2010,1533,5504
32,Brasil,"Cocos (Keeling), Ilhas",2010,0,0
33,Brasil,Colômbia,2010,0,0
34,Brasil,Comores,2010,0,0
35,Brasil,Congo,2010,0,0
36,Brasil,"Coreia, Republica Sul",2010,0,0
37,Brasil,Costa do Marfim,2010,0,0
38,Brasil,Costa Rica,2010,0,0
39,Brasil,Croácia,2010,0,0
40,Brasil,Cuba,2010,0,0
41,Brasil,Curaçao,2010,0,0
42,Brasil,Dinamarca,2010,7034,69161
43,Brasil,Dominica,2010,0,0
44,Brasil,El Salvador,2010,0,0
45,Brasil,Emirados Arabes Unidos,2010,1035,3206
46,Brasil,Equador,2010,0,0
47,Brasil,"Eslovaca, Republica",2010,0,0
48,Brasil,Espanha,2010,0,0
49,Brasil,Estados Unidos,2010,228968,478630
50,Brasil,Estônia,2010,15848,40778
51,Brasil,Filipinas,2010,0,0
52,Brasil,Finlândia,2010,0,0
53,Brasil,França,2010,3614,18904
54,Brasil,Gana,2010,0,0
55,Brasil,Gibraltar,2010,0,0
56,Brasil,Granada,2010,0,0
57,Brasil,Grécia,2010,0,0
58,Brasil,Guatemala,2010,0,0
59,Brasil,Guiana,2010,783,3654
60,Brasil,Guiana Francesa,2010,0,0
61,Brasil,Guine Bissau,2010,0,0
62,Brasil,Guine Equatorial,2010,410,1015
63,Brasil,Haiti,2010,2700,3750
64,Brasil,Honduras,2010,0,0
65,Brasil,Hong Kong,2010,0,0
66,Brasil,Hungria,2010,540,4103
67,Brasil,Ilha de Man,2010,0,0
68,Brasil,Ilhas Virgens,2010,0,0
69,Brasil,India,2010,0,0
70,Brasil,Indonésia,2010,0,0
71,Brasil,Irã,2010,0,0
72,Brasil,Iraque,2010,0,0
73,Brasil,Irlanda,2010,3969,42795
74,Brasil,Itália,2010,1458,4828
75,Brasil,Jamaica,2010,0,0
76,Brasil,Japão,2010,112178,74628
77,Brasil,Jordânia,2010,0,0
78,Brasil,Letônia,2010,0,0
79,Brasil,Líbano,2010,0,0
80,Brasil,Libéria,2010,0,0
81,Brasil,Luxemburgo,2010,7344,32549
82,Brasil,Malásia,2010,0,0
83,Brasil,Malta,2010,0,0
84,Brasil,"Marshall, Ilhas",2010,0,0
85,Brasil,Mauritânia,2010,0,0
86,Brasil,México,2010,0,0
87,Brasil,Moçambique,2010,0,0
88,Brasil,Montenegro,2010,0,0
89,Brasil,Namibia,2010,0,0
90,Brasil,Nicaragua,2010,0,0
91,Brasil,Nigéria,2010,0,0
92,Brasil,Noruega,2010,0,0
93,Brasil,Nova Caledônia,2010,0,0
94,Brasil,Nova Zelândia,2010,0,0
95,Brasil,Omã,2010,0,0
96,Brasil,Países Baixos,2010,87368,302182
97,Brasil,Panamá,2010,0,0
98,Brasil,Paraguai,2010,510989,449197
99,Brasil,Peru,2010,0,0
100,Brasil,Polônia,2010,20464,95198
101,Brasil,Porto Rico,2010,0,0
102,Brasil,Portugal,2010,4577,18970
103,Brasil,Quênia,2010,0,0
104,Brasil,Reino Unido,2010,123624,295690
105,Brasil,República Dominicana,2010,0,0
106,Brasil,Rússia,2010,0,0
107,Brasil,São Tomé e Príncipe,2010,0,0
108,Brasil,São Vicente e Granadinas,2010,0,0
109,Brasil,Senegal,2010,0,0
110,Brasil,Serra Leoa,2010,0,0
111,Brasil,Singapura,2010,0,0
112,Brasil,Suazilândia,2010,0,0
113,Brasil,Suécia,2010,0,0
114,Brasil,Suíça,2010,2025,21600
115,Brasil,Suriname,2010,1836,1269
116,Brasil,Tailândia,2010,0,0
117,Brasil,Taiwan (FORMOSA),2010,0,0
118,Brasil,Tanzânia,2010,0,0
119,Brasil,"Tcheca, República",2010,1091,5285
120,Brasil,Togo,2010,0,0
121,Brasil,Trinidade Tobago,2010,0,0
122,Brasil,Tunísia,2010,0,0
123,Brasil,Turquia,2010,0,0
124,Brasil,Tuvalu,2010,0,0
125,Brasil,Uruguai,2010,914,2929
126,Brasil,Vanuatu,2010,0,0
127,Brasil,Venezuela,2010,0,0
128,Brasil,Vietnã,2010,8820,9977
1,Brasil,Afeganistão,2011,0,0
2,Brasil,África do Sul,2011,0,0
3,Brasil,"Alemanha, República Democrática",2011,36070,144150
4,Brasil,Angola,2011,13889,69001
5,Brasil,Anguilla,2011,0,0
6,Brasil,Antígua e Barbuda,2011,0,0
7,Brasil,Antilhas Holandesas,2011,7335,10188
8,Brasil,Argentina,2011,13253,55460
9,Brasil,Aruba,2011,900,1680
10,Brasil,Austrália,2011,3632,40704
11,Brasil,Áustria,2011,0,0
12,Brasil,Bahamas,2011,4529,28810
13,Brasil,Bangladesh,2011,0,0
14,Brasil,Barbados,2011,0,0
15,Brasil,Barein,2011,0,0
16,Brasil,Bélgica,2011,11802,62339
17,Brasil,Belice,2011,0,0
18,Brasil,Benin,2011,0,0
19,Brasil,Bolívia,2011,12775,20215
20,Brasil,Bósnia-Herzegovina,2011,0,0
21,Brasil,Brasil,2011,0,0
22,Brasil,Bulgária,2011,0,0
23,Brasil,Cabo Verde,2011,600,825
24,Brasil,Camarões,2011,0,0
25,Brasil,Canadá,2011,28906,128076
26,Brasil,Catar,2011,0,0
27,Brasil,"Cayman, Ilhas",2011,0,0
28,Brasil,Chile,2011,0,0
29,Brasil,China,2011,54156,334867
30,Brasil,Chipre,2011,0,0
31,Brasil,Cingapura,2011,911,3317
32,Brasil,"Cocos (Keeling), Ilhas",2011,0,0
33,Brasil,Colômbia,2011,0,0
34,Brasil,Comores,2011,0,0
35,Brasil,Congo,2011,360,570
36,Brasil,"Coreia, Republica Sul",2011,0,0
37,Brasil,Costa do Marfim,2011,0,0
38,Brasil,Costa Rica,2011,0,0
39,Brasil,Croácia,2011,0,0
40,Brasil,Cuba,2011,2880,4899
41,Brasil,Curaçao,2011,0,0
42,Brasil,Dinamarca,2011,32797,83057
43,Brasil,Dominica,2011,0,0
44,Brasil,El Salvador,2011,0,0
45,Brasil,Emirados Arabes Unidos,2011,2120,6594
46,Brasil,Equador,2011,0,0
47,Brasil,"Eslovaca, Republica",2011,0,0
48,Brasil,Espanha,2011,5206,24618
49,Brasil,Estados Unidos,2011,306787,1030254
50,Brasil,Estônia,2011,450,5336
51,Brasil,Filipinas,2011,0,0
52,Brasil,Finlândia,2011,12404,50394
53,Brasil,França,2011,0,0
54,Brasil,Gana,2011,0,0
55,Brasil,Gibraltar,2011,0,0
56,Brasil,Granada,2011,0,0
57,Brasil,Grécia,2011,0,0
58,Brasil,Guatemala,2011,0,0
59,Brasil,Guiana,2011,0,0
60,Brasil,Guiana Francesa,2011,0,0
61,Brasil,Guine Bissau,2011,0,0
62,Brasil,Guine Equatorial,2011,956,1979
63,Brasil,Haiti,2011,0,0
64,Brasil,Honduras,2011,0,0
65,Brasil,Hong Kong,2011,2063,7975
66,Brasil,Hungria,2011,0,0
67,Brasil,Ilha de Man,2011,0,0
68,Brasil,Ilhas Virgens,2011,0,0
69,Brasil,India,2011,0,0
70,Brasil,Indonésia,2011,0,0
71,Brasil,Irã,2011,0,0
72,Brasil,Iraque,2011,0,0
73,Brasil,Irlanda,2011,5376,35690
74,Brasil,Itália,2011,11999,80298
75,Brasil,Jamaica,2011,0,0
76,Brasil,Japão,2011,100835,144662
77,Brasil,Jordânia,2011,0,0
78,Brasil,Letônia,2011,0,0
79,Brasil,Líbano,2011,0,0
80,Brasil,Libéria,2011,0,0
81,Brasil,Luxemburgo,2011,9547,65592
82,Brasil,Malásia,2011,0,0
83,Brasil,Malta,2011,0,0
84,Brasil,"Marshall, Ilhas",2011,0,0
85,Brasil,Mauritânia,2011,0,0
86,Brasil,México,2011,1350,7200
87,Brasil,Moçambique,2011,0,0
88,Brasil,Montenegro,2011,0,0
89,Brasil,Namibia,2011,0,0
90,Brasil,Nicaragua,2011,0,0
91,Brasil,Nigéria,2011,54,210
92,Brasil,Noruega,2011,10268,78688
93,Brasil,Nova Caledônia,2011,0,0
94,Brasil,Nova Zelândia,2011,2587,7992
95,Brasil,Omã,2011,0,0
96,Brasil,Países Baixos,2011,125414,395356
97,Brasil,Panamá,2011,0,0
98,Brasil,Paraguai,2011,240168,276281
99,Brasil,Peru,2011,0,0
100,Brasil,Polônia,2011,11732,50684
101,Brasil,Porto Rico,2011,0,0
102,Brasil,Portugal,2011,95,1031
103,Brasil,Quênia,2011,0,0
104,Brasil,Reino Unido,2011,122629,285642
105,Brasil,República Dominicana,2011,0,0
106,Brasil,Rússia,2011,0,0
107,Brasil,São Tomé e Príncipe,2011,0,0
108,Brasil,São Vicente e Granadinas,2011,0,0
109,Brasil,Senegal,2011,0,0
110,Brasil,Serra Leoa,2011,0,0
111,Brasil,Singapura,2011,0,0
112,Brasil,Suazilândia,2011,0,0
113,Brasil,Suécia,2011,1641,14476
114,Brasil,Suíça,2011,0,0
115,Brasil,Suriname,2011,3774,3735
116,Brasil,Tailândia,2011,0,0
117,Brasil,Taiwan (FORMOSA),2011,4500,10600
118,Brasil,Tanzânia,2011,0,0
119,Brasil,"Tcheca, República",2011,6846,37271
120,Brasil,Togo,2011,0,0
121,Brasil,Trinidade Tobago,2011,0,0
122,Brasil,Tunísia,2011,0,0
123,Brasil,Turquia,2011,0,0
124,Brasil,Tuvalu,2011,0,0
125,Brasil,Uruguai,2011,1238,4404
126,Brasil,Vanuatu,2011,0,0
127,Brasil,Venezuela,2011,0,0
128,Brasil,Vietnã,2011,0,0
1,Brasil,Afeganistão,2012,0,0
2,Brasil,África do Sul,2012,0,0
3,Brasil,"Alemanha, República Democrática",2012,8189,56342
4,Brasil,Angola,2012,2833,8861
5,Brasil,Anguilla,2012,0,0
6,Brasil,Antígua e Barbuda,2012,0,0
7,Brasil,Antilhas Holandesas,2012,9247,14081
8,Brasil,Argentina,2012,0,0
9,Brasil,Aruba,2012,0,0
10,Brasil,Austrália,2012,9345,56045
11,Brasil,Áustria,2012,0,0
12,Brasil,Bahamas,2012,1374,12087
13,Brasil,Bangladesh,2012,0,0
14,Brasil,Barbados,2012,0,0
15,Brasil,Barein,2012,0,0
16,Brasil,Bélgica,2012,16132,90718
17,Brasil,Belice,2012,0,0
18,Brasil,Benin,2012,0,0
19,Brasil,Bolívia,2012,11868,16804
20,Brasil,Bósnia-Herzegovina,2012,0,0
21,Brasil,Brasil,2012,0,0
22,Brasil,Bulgária,2012,0,0
23,Brasil,Cabo Verde,2012,0,0
24,Brasil,Camarões,2012,0,0
25,Brasil,Canadá,2012,14304,146035
26,Brasil,Catar,2012,0,0
27,Brasil,"Cayman, Ilhas",2012,0,0
28,Brasil,Chile,2012,8550,15438
29,Brasil,China,2012,87905,642177
30,Brasil,Chipre,2012,0,0
31,Brasil,Cingapura,2012,1212,5310
32,Brasil,"Cocos (Keeling), Ilhas",2012,0,0
33,Brasil,Colômbia,2012,0,0
34,Brasil,Comores,2012,0,0
35,Brasil,Congo,2012,0,0
36,Brasil,"Coreia, Republica Sul",2012,0,0
37,Brasil,Costa do Marfim,2012,0,0
38,Brasil,Costa Rica,2012,0,0
39,Brasil,Croácia,2012,0,0
40,Brasil,Cuba,2012,0,0
41,Brasil,Curaçao,2012,0,0
42,Brasil,Dinamarca,2012,4716,23802
43,Brasil,Dominica,2012,0,0
44,Brasil,El Salvador,2012,0,0
45,Brasil,Emirados Arabes Unidos,2012,675,3300
46,Brasil,Equador,2012,0,0
47,Brasil,"Eslovaca, Republica",2012,0,0
48,Brasil,Espanha,2012,0,0
49,Brasil,Estados Unidos,2012,146585,303986
50,Brasil,Estônia,2012,3321,19384
51,Brasil,Filipinas,2012,0,0
52,Brasil,Finlândia,2012,17100,67959
53,Brasil,França,2012,195604,185791
54,Brasil,Gana,2012,0,0
55,Brasil,Gibraltar,2012,0,0
56,Brasil,Granada,2012,0,0
57,Brasil,Grécia,2012,0,0
58,Brasil,Guatemala,2012,0,0
59,Brasil,Guiana,2012,0,0
60,Brasil,Guiana Francesa,2012,0,0
61,Brasil,Guine Bissau,2012,0,0
62,Brasil,Guine Equatorial,2012,819,2530
63,Brasil,Haiti,2012,0,0
64,Brasil,Honduras,2012,0,0
65,Brasil,Hong Kong,2012,1609,7653
66,Brasil,Hungria,2012,0,0
67,Brasil,Ilha de Man,2012,0,0
68,Brasil,Ilhas Virgens,2012,0,0
69,Brasil,India,2012,0,0
70,Brasil,Indonésia,2012,0,0
71,Brasil,Irã,2012,0,0
72,Brasil,Iraque,2012,0,0
73,Brasil,Irlanda,2012,0,0
74,Brasil,Itália,2012,792,5622
75,Brasil,Jamaica,2012,0,0
76,Brasil,Japão,2012,29281,116961
77,Brasil,Jordânia,2012,0,0
78,Brasil,Letônia,2012,0,0
79,Brasil,Líbano,2012,0,0
80,Brasil,Libéria,2012,0,0
81,Brasil,Luxemburgo,2012,2444,16547
82,Brasil,Malásia,2012,0,0
83,Brasil,Malta,2012,0,0
84,Brasil,"Marshall, Ilhas",2012,0,0
85,Brasil,Mauritânia,2012,0,0
86,Brasil,México,2012,0,0
87,Brasil,Moçambique,2012,0,0
88,Brasil,Montenegro,2012,0,0
89,Brasil,Namibia,2012,0,0
90,Brasil,Nicaragua,2012,0,0
91,Brasil,Nigéria,2012,6449,10196
92,Brasil,Noruega,2012,5104,31515
93,Brasil,Nova Caledônia,2012,0,0
94,Brasil,Nova Zelândia,2012,2364,8817
95,Brasil,Omã,2012,0,0
96,Brasil,Países Baixos,2012,134879,539641
97,Brasil,Panamá,2012,39,2262
98,Brasil,Paraguai,2012,354824,428279
99,Brasil,Peru,2012,0,0
100,Brasil,Polônia,2012,21663,89158
101,Brasil,Porto Rico,2012,0,0
102,Brasil,Portugal,2012,47172,47022
103,Brasil,Quênia,2012,94,458
104,Brasil,Reino Unido,2012,82937,334856
105,Brasil,República Dominicana,2012,0,0
106,Brasil,Rússia,2012,4528176,2103968
107,Brasil,São Tomé e Príncipe,2012,0,0
108,Brasil,São Vicente e Granadinas,2012,0,0
109,Brasil,Senegal,2012,0,0
110,Brasil,Serra Leoa,2012,0,0
111,Brasil,Singapura,2012,0,0
112,Brasil,Suazilândia,2012,0,0
113,Brasil,Suécia,2012,2705,17280
114,Brasil,Suíça,2012,4014,47240
115,Brasil,Suriname,2012,396,1288
116,Brasil,Tailândia,2012,0,0
117,Brasil,Taiwan (FORMOSA),2012,0,0
118,Brasil,Tanzânia,2012,0,0
119,Brasil,"Tcheca, República",2012,7960,27789
120,Brasil,Togo,2012,0,0
121,Brasil,Trinidade Tobago,2012,531,2720
122,Brasil,Tunísia,2012,0,0
123,Brasil,Turquia,2012,0,0
124,Brasil,Tuvalu,2012,0,0
125,Brasil,Uruguai,2012,1135,3879
126,Brasil,Vanuatu,2012,0,0
127,Brasil,Venezuela,2012,1029,7492
128,Brasil,Vietnã,2012,0,0
1,Brasil,Afeganistão,2013,0,0
2,Brasil,África do Sul,2013,0,0
3,Brasil,"Alemanha, República Democrática",2013,61699,265978
4,Brasil,Angola,2013,1573,9300
5,Brasil,Anguilla,2013,0,0
6,Brasil,Antígua e Barbuda,2013,0,0
7,Brasil,Antilhas Holandesas,2013,11281,19565
8,Brasil,Argentina,2013,0,0
9,Brasil,Aruba,2013,0,0
10,Brasil,Austrália,2013,16707,101715
11,Brasil,Áustria,2013,0,0
12,Brasil,Bahamas,2013,581,5145
13,Brasil,Bangladesh,2013,0,0
14,Brasil,Barbados,2013,0,0
15,Brasil,Barein,2013,0,0
16,Brasil,Bélgica,2013,22461,95893
17,Brasil,Belice,2013,0,0
18,Brasil,Benin,2013,0,0
19,Brasil,Bolívia,2013,19147,25998
20,Brasil,Bósnia-Herzegovina,2013,0,0
21,Brasil,Brasil,2013,0,0
22,Brasil,Bulgária,2013,0,0
23,Brasil,Cabo Verde,2013,0,0
24,Brasil,Camarões,2013,0,0
25,Brasil,Canadá,2013,25329,174643
26,Brasil,Catar,2013,0,0
27,Brasil,"Cayman, Ilhas",2013,0,0
28,Brasil,Chile,2013,0,0
29,Brasil,China,2013,40929,279956
30,Brasil,Chipre,2013,0,0
31,Brasil,Cingapura,2013,766,5779
32,Brasil,"Cocos (Keeling), Ilhas",2013,0,0
33,Brasil,Colômbia,2013,8,30
34,Brasil,Comores,2013,0,0
35,Brasil,Congo,2013,0,0
36,Brasil,"Coreia, Republica Sul",2013,0,0
37,Brasil,Costa do Marfim,2013,0,0
38,Brasil,Costa Rica,2013,0,0
39,Brasil,Croácia,2013,0,0
40,Brasil,Cuba,2013,0,0
41,Brasil,Curaçao,2013,0,0
42,Brasil,Dinamarca,2013,17892,101915
43,Brasil,Dominica,2013,0,0
44,Brasil,El Salvador,2013,0,0
45,Brasil,Emirados Arabes Unidos,2013,0,0
46,Brasil,Equador,2013,0,0
47,Brasil,"Eslovaca, Republica",2013,0,0
48,Brasil,Espanha,2013,1972980,3748940
49,Brasil,Estados Unidos,2013,245368,786556
50,Brasil,Estônia,2013,0,0
51,Brasil,Filipinas,2013,0,0
52,Brasil,Finlândia,2013,36682,283114
53,Brasil,França,2013,6885,42256
54,Brasil,Gana,2013,0,0
55,Brasil,Gibraltar,2013,0,0
56,Brasil,Granada,2013,0,0
57,Brasil,Grécia,2013,0,0
58,Brasil,Guatemala,2013,0,0
59,Brasil,Guiana,2013,0,0
60,Brasil,Guiana Francesa,2013,0,0
61,Brasil,Guine Bissau,2013,0,0
62,Brasil,Guine Equatorial,2013,1108,5336
63,Brasil,Haiti,2013,0,0
64,Brasil,Honduras,2013,0,0
65,Brasil,Hong Kong,2013,16013,61224
66,Brasil,Hungria,2013,0,0
67,Brasil,Ilha de Man,2013,0,0
68,Brasil,Ilhas Virgens,2013,0,0
69,Brasil,India,2013,0,0
70,Brasil,Indonésia,2013,0,0
71,Brasil,Irã,2013,0,0
72,Brasil,Iraque,2013,0,0
73,Brasil,Irlanda,2013,0,0
74,Brasil,Itália,2013,1710,11967
75,Brasil,Jamaica,2013,0,0
76,Brasil,Japão,2013,91988,429088
77,Brasil,Jordânia,2013,0,0
78,Brasil,Letônia,2013,0,0
79,Brasil,Líbano,2013,0,0
80,Brasil,Libéria,2013,0,0
81,Brasil,Luxemburgo,2013,5135,29474
82,Brasil,Malásia,2013,0,0
83,Brasil,Malta,2013,0,0
84,Brasil,"Marshall, Ilhas",2013,0,0
85,Brasil,Mauritânia,2013,0,0
86,Brasil,México,2013,0,0
87,Brasil,Moçambique,2013,0,0
88,Brasil,Montenegro,2013,0,0
89,Brasil,Namibia,2013,0,0
90,Brasil,Nicaragua,2013,0,0
91,Brasil,Nigéria,2013,1350,2245
92,Brasil,Noruega,2013,2375,19008
93,Brasil,Nova Caledônia,2013,0,0
94,Brasil,Nova Zelândia,2013,1004,4092
95,Brasil,Omã,2013,0,0
96,Brasil,Países Baixos,2013,57792,255690
97,Brasil,Panamá,2013,0,0
98,Brasil,Paraguai,2013,481564,680828
99,Brasil,Peru,2013,0,0
100,Brasil,Polônia,2013,19249,90960
101,Brasil,Porto Rico,2013,0,0
102,Brasil,Portugal,2013,23810,17627
103,Brasil,Quênia,2013,6,4
104,Brasil,Reino Unido,2013,59161,305005
105,Brasil,República Dominicana,2013,0,0
106,Brasil,Rússia,2013,5893291,14795694
107,Brasil,São Tomé e Príncipe,2013,0,0
108,Brasil,São Vicente e Granadinas,2013,0,0
109,Brasil,Senegal,2013,0,0
110,Brasil,Serra Leoa,2013,0,0
111,Brasil,Singapura,2013,0,0
112,Brasil,Suazilândia,2013,0,0
113,Brasil,Suécia,2013,3195,20183
114,Brasil,Suíça,2013,2997,29785
115,Brasil,Suriname,2013,1800,2960
116,Brasil,Tailândia,2013,0,0
117,Brasil,Taiwan (FORMOSA),2013,0,0
118,Brasil,Tanzânia,2013,0,0
119,Brasil,"Tcheca, República",2013,3697,23549
120,Brasil,Togo,2013,0,0
121,Brasil,Trinidade Tobago,2013,0,0
122,Brasil,Tunísia,2013,0,0
123,Brasil,Turquia,2013,0,0
124,Brasil,Tuvalu,2013,0,0
125,Brasil,Uruguai,2013,1526,13343
126,Brasil,Vanuatu,2013,0,0
127,Brasil,Venezuela,2013,0,0
128,Brasil,Vietnã,2013,0,0
1,Brasil,Afeganistão,2014,0,0
2,Brasil,África do Sul,2014,0,0
3,Brasil,"Alemanha, República Democrática",2014,213348,761653
4,Brasil,Angola,2014,12182,23124
5,Brasil,Anguilla,2014,0,0
6,Brasil,Antígua e Barbuda,2014,0,0
7,Brasil,Antilhas Holandesas,2014,4455,7169
8,Brasil,Argentina,2014,20385,95130
9,Brasil,Aruba,2014,450,755
10,Brasil,Austrália,2014,6308,43709
11,Brasil,Áustria,2014,0,0
12,Brasil,Bahamas,2014,0,0
13,Brasil,Bangladesh,2014,0,0
14,Brasil,Barbados,2014,0,0
15,Brasil,Barein,2014,0,0
16,Brasil,Bélgica,2014,151320,704093
17,Brasil,Belice,2014,0,0
18,Brasil,Benin,2014,0,0
19,Brasil,Bolívia,2014,12534,18303
20,Brasil,Bósnia-Herzegovina,2014,0,0
21,Brasil,Brasil,2014,0,0
22,Brasil,Bulgária,2014,0,0
23,Brasil,Cabo Verde,2014,0,0
24,Brasil,Camarões,2014,0,0
25,Brasil,Canadá,2014,35082,226875
26,Brasil,Catar,2014,0,0
27,Brasil,"Cayman, Ilhas",2014,0,0
28,Brasil,Chile,2014,0,0
29,Brasil,China,2014,64040,455340
30,Brasil,Chipre,2014,0,0
31,Brasil,Cingapura,2014,541,3887
32,Brasil,"Cocos (Keeling), Ilhas",2014,0,0
33,Brasil,Colômbia,2014,0,0
34,Brasil,Comores,2014,0,0
35,Brasil,Congo,2014,0,0
36,Brasil,"Coreia, Republica Sul",2014,0,0
37,Brasil,Costa do Marfim,2014,0,0
38,Brasil,Costa Rica,2014,0,0
39,Brasil,Croácia,2014,0,0
40,Brasil,Cuba,2014,38875,43200
41,Brasil,Curaçao,2014,0,0
42,Brasil,Dinamarca,2014,3240,16871
43,Brasil,Dominica,2014,0,0
44,Brasil,El Salvador,2014,0,0
45,Brasil,Emirados Arabes Unidos,2014,640,3381
46,Brasil,Equador,2014,0,0
47,Brasil,"Eslovaca, Republica",2014,0,0
48,Brasil,Espanha,2014,0,0
49,Brasil,Estados Unidos,2014,222267,494216
50,Brasil,Estônia,2014,0,0
51,Brasil,Filipinas,2014,0,0
52,Brasil,Finlândia,2014,12960,94962
53,Brasil,França,2014,33755,167807
54,Brasil,Gana,2014,0,0
55,Brasil,Gibraltar,2014,0,0
56,Brasil,Granada,2014,0,0
57,Brasil,Grécia,2014,0,0
58,Brasil,Guatemala,2014,0,0
59,Brasil,Guiana,2014,0,0
60,Brasil,Guiana Francesa,2014,0,0
61,Brasil,Guine Bissau,2014,0,0
62,Brasil,Guine Equatorial,2014,5646,11983
63,Brasil,Haiti,2014,0,0
64,Brasil,Honduras,2014,0,0
65,Brasil,Hong Kong,2014,18130,63534
66,Brasil,Hungria,2014,0,0
67,Brasil,Ilha de Man,2014,0,0
68,Brasil,Ilhas Virgens,2014,0,0
69,Brasil,India,2014,0,0
70,Brasil,Indonésia,2014,0,0
71,Brasil,Irã,2014,0,0
72,Brasil,Iraque,2014,0,0
73,Brasil,Irlanda,2014,0,0
74,Brasil,Itália,2014,604,2492
75,Brasil,Jamaica,2014,0,0
76,Brasil,Japão,2014,106426,401774
77,Brasil,Jordânia,2014,0,0
78,Brasil,Letônia,2014,0,0
79,Brasil,Líbano,2014,0,0
80,Brasil,Libéria,2014,0,0
81,Brasil,Luxemburgo,2014,8281,52400
82,Brasil,Malásia,2014,0,0
83,Brasil,Malta,2014,0,0
84,Brasil,"Marshall, Ilhas",2014,0,0
85,Brasil,Mauritânia,2014,0,0
86,Brasil,México,2014,1521,24336
87,Brasil,Moçambique,2014,0,0
88,Brasil,Montenegro,2014,0,0
89,Brasil,Namibia,2014,0,0
90,Brasil,Nicaragua,2014,0,0
91,Brasil,Nigéria,2014,0,0
92,Brasil,Noruega,2014,7179,50464
93,Brasil,Nova Caledônia,2014,0,0
94,Brasil,Nova Zelândia,2014,2800,13675
95,Brasil,Omã,2014,0,0
96,Brasil,Países Baixos,2014,165289,773767
97,Brasil,Panamá,2014,0,0
98,Brasil,Paraguai,2014,521847,908028
99,Brasil,Peru,2014,0,0
100,Brasil,Polônia,2014,30181,107957
101,Brasil,Porto Rico,2014,0,0
102,Brasil,Portugal,2014,71544,79141
103,Brasil,Quênia,2014,0,0
104,Brasil,Reino Unido,2014,305807,1373747
105,Brasil,República Dominicana,2014,0,0
106,Brasil,Rússia,2014,190656,61440
107,Brasil,São Tomé e Príncipe,2014,0,0
108,Brasil,São Vicente e Granadinas,2014,0,0
109,Brasil,Senegal,2014,0,0
110,Brasil,Serra Leoa,2014,0,0
111,Brasil,Singapura,2014,0,0
112,Brasil,Suazilândia,2014,0,0
113,Brasil,Suécia,2014,10404,51057
114,Brasil,Suíça,2014,27933,231762
115,Brasil,Suriname,2014,6,19
116,Brasil,Tailândia,2014,0,0
117,Brasil,Taiwan (FORMOSA),2014,12519,67907
118,Brasil,Tanzânia,2014,0,0
119,Brasil,"Tcheca, República",2014,4500,35005
120,Brasil,Togo,2014,0,0
121,Brasil,Trinidade Tobago,2014,360,1600
122,Brasil,Tunísia,2014,0,0
123,Brasil,Turquia,2014,0,0
124,Brasil,Tuvalu,2014,0,0
125,Brasil,Uruguai,2014,0,0
126,Brasil,Vanuatu,2014,0,0
127,Brasil,Venezuela,2014,14,232
128,Brasil,Vietnã,2014,0,0
1,Brasil,Afeganistão,2015,0,0
2,Brasil,África do Sul,2015,0,0
3,Brasil,"Alemanha, República Democrática",2015,10680,44780
4,Brasil,Angola,2015,1908,17089
5,Brasil,Anguilla,2015,0,0
6,Brasil,Antígua e Barbuda,2015,0,0
7,Brasil,Antilhas Holandesas,2015,6660,10545
8,Brasil,Argentina,2015,0,0
9,Brasil,Aruba,2015,0,0
10,Brasil,Austrália,2015,7437,48011
11,Brasil,Áustria,2015,0,0
12,Brasil,Bahamas,2015,0,0
13,Brasil,Bangladesh,2015,0,0
14,Brasil,Barbados,2015,0,0
15,Brasil,Barein,2015,0,0
16,Brasil,Bélgica,2015,4473,26399
17,Brasil,Belice,2015,0,0
18,Brasil,Benin,2015,0,0
19,Brasil,Bolívia,2015,10674,12990
20,Brasil,Bósnia-Herzegovina,2015,0,0
21,Brasil,Brasil,2015,0,0
22,Brasil,Bulgária,2015,0,0
23,Brasil,Cabo Verde,2015,0,0
24,Brasil,Camarões,2015,0,0
25,Brasil,Canadá,2015,24547,118394
26,Brasil,Catar,2015,0,0
27,Brasil,"Cayman, Ilhas",2015,0,0
28,Brasil,Chile,2015,0,0
29,Brasil,China,2015,47609,222866
30,Brasil,Chipre,2015,0,0
31,Brasil,Cingapura,2015,1116,2774
32,Brasil,"Cocos (Keeling), Ilhas",2015,0,0
33,Brasil,Colômbia,2015,0,0
34,Brasil,Comores,2015,0,0
35,Brasil,Congo,2015,0,0
36,Brasil,"Coreia, Republica Sul",2015,0,0
37,Brasil,Costa do Marfim,2015,0,0
38,Brasil,Costa Rica,2015,0,0
39,Brasil,Croácia,2015,0,0
40,Brasil,Cuba,2015,97965,108864
41,Brasil,Curaçao,2015,0,0
42,Brasil,Dinamarca,2015,7080,29306
43,Brasil,Dominica,2015,0,0
44,Brasil,El Salvador,2015,0,0
45,Brasil,Emirados Arabes Unidos,2015,765,3740
46,Brasil,Equador,2015,0,0
47,Brasil,"Eslovaca, Republica",2015,0,0
48,Brasil,Espanha,2015,0,0
49,Brasil,Estados Unidos,2015,195896,524109
50,Brasil,Estônia,2015,0,0
51,Brasil,Filipinas,2015,0,0
52,Brasil,Finlândia,2015,0,0
53,Brasil,França,2015,1596,4749
54,Brasil,Gana,2015,0,0
55,Brasil,Gibraltar,2015,0,0
56,Brasil,Granada,2015,0,0
57,Brasil,Grécia,2015,0,0
58,Brasil,Guatemala,2015,0,0
59,Brasil,Guiana,2015,0,0
60,Brasil,Guiana Francesa,2015,0,0
61,Brasil,Guine Bissau,2015,0,0
62,Brasil,Guine Equatorial,2015,0,0
63,Brasil,Haiti,2015,0,0
64,Brasil,Honduras,2015,0,0
65,Brasil,Hong Kong,2015,1229,7837
66,Brasil,Hungria,2015,0,0
67,Brasil,Ilha de Man,2015,0,0
68,Brasil,Ilhas Virgens,2015,0,0
69,Brasil,India,2015,0,0
70,Brasil,Indonésia,2015,0,0
71,Brasil,Irã,2015,0,0
72,Brasil,Iraque,2015,0,0
73,Brasil,Irlanda,2015,0,0
74,Brasil,Itália,2015,0,0
75,Brasil,Jamaica,2015,0,0
76,Brasil,Japão,2015,31597,87853
77,Brasil,Jordânia,2015,0,0
78,Brasil,Letônia,2015,0,0
79,Brasil,Líbano,2015,0,0
80,Brasil,Libéria,2015,0,0
81,Brasil,Luxemburgo,2015,2295,17358
82,Brasil,Malásia,2015,0,0
83,Brasil,Malta,2015,0,0
84,Brasil,"Marshall, Ilhas",2015,0,0
85,Brasil,Mauritânia,2015,0,0
86,Brasil,México,2015,0,0
87,Brasil,Moçambique,2015,0,0
88,Brasil,Montenegro,2015,0,0
89,Brasil,Namibia,2015,0,0
90,Brasil,Nicaragua,2015,0,0
91,Brasil,Nigéria,2015,0,0
92,Brasil,Noruega,2015,1058,6021
93,Brasil,Nova Caledônia,2015,0,0
94,Brasil,Nova Zelândia,2015,809,3476
95,Brasil,Omã,2015,0,0
96,Brasil,Países Baixos,2015,44987,186464
97,Brasil,Panamá,2015,0,0
98,Brasil,Paraguai,2015,495428,741370
99,Brasil,Peru,2015,0,0
100,Brasil,Polônia,2015,11654,42781
101,Brasil,Porto Rico,2015,0,0
102,Brasil,Portugal,2015,47736,42586
103,Brasil,Quênia,2015,0,0
104,Brasil,Reino Unido,2015,68382,308407
105,Brasil,República Dominicana,2015,0,0
106,Brasil,Rússia,2015,47664,18240
107,Brasil,São Tomé e Príncipe,2015,0,0
108,Brasil,São Vicente e Granadinas,2015,0,0
109,Brasil,Senegal,2015,0,0
110,Brasil,Serra Leoa,2015,0,0
111,Brasil,Singapura,2015,0,0
112,Brasil,Suazilândia,2015,0,0
113,Brasil,Suécia,2015,1412,6404
114,Brasil,Suíça,2015,15872,85790
115,Brasil,Suriname,2015,453,713
116,Brasil,Tailândia,2015,0,0
117,Brasil,Taiwan (FORMOSA),2015,7200,23940
118,Brasil,Tanzânia,2015,0,0
119,Brasil,"Tcheca, República",2015,2297,15304
120,Brasil,Togo,2015,0,0
121,Brasil,Trinidade Tobago,2015,0,0
122,Brasil,Tunísia,2015,0,0
123,Brasil,Turquia,2015,0,0
124,Brasil,Tuvalu,2015,0,0
125,Brasil,Uruguai,2015,0,0
126,Brasil,Vanuatu,2015,0,0
127,Brasil,Venezuela,2015,0,0
128,Brasil,Vietnã,2015,0,0
1,Brasil,Afeganistão,2016,0,0
2,Brasil,África do Sul,2016,0,0
3,Brasil,"Alemanha, República Democrática",2016,14012,68109
4,Brasil,Angola,2016,7359,35390
5,Brasil,Anguilla,2016,0,0
6,Brasil,Antígua e Barbuda,2016,0,0
7,Brasil,Antilhas Holandesas,2016,16641,26450
8,Brasil,Argentina,2016,0,0
9,Brasil,Aruba,2016,0,0
10,Brasil,Austrália,2016,1954,13799
11,Brasil,Áustria,2016,675,5220
12,Brasil,Bahamas,2016,0,0
13,Brasil,Bangladesh,2016,0,0
14,Brasil,Barbados,2016,0,0
15,Brasil,Barein,2016,0,0
16,Brasil,Bélgica,2016,7200,46534
17,Brasil,Belice,2016,0,0
18,Brasil,Benin,2016,5040,20333
19,Brasil,Bolívia,2016,13586,16902
20,Brasil,Bósnia-Herzegovina,2016,0,0
21,Brasil,Brasil,2016,0,0
22,Brasil,Bulgária,2016,0,0
23,Brasil,Cabo Verde,2016,0,0
24,Brasil,Camarões,2016,0,0
25,Brasil,Canadá,2016,13711,71096
26,Brasil,Catar,2016,0,0
27,Brasil,"Cayman, Ilhas",2016,0,0
28,Brasil,Chile,2016,0,0
29,Brasil,China,2016,134106,499622
30,Brasil,Chipre,2016,0,0
31,Brasil,Cingapura,2016,5445,13199
32,Brasil,"Cocos (Keeling), Ilhas",2016,0,0
33,Brasil,Colômbia,2016,0,0
34,Brasil,Comores,2016,0,0
35,Brasil,Congo,2016,0,0
36,Brasil,"Coreia, Republica Sul",2016,8,20
37,Brasil,Costa do Marfim,2016,0,0
38,Brasil,Costa Rica,2016,0,0
39,Brasil,Croácia,2016,0,0
40,Brasil,Cuba,2016,63741,69830
41,Brasil,Curaçao,2016,0,0
42,Brasil,Dinamarca,2016,1278,8171
43,Brasil,Dominica,2016,0,0
44,Brasil,El Salvador,2016,0,0
45,Brasil,Emirados Arabes Unidos,2016,585,2760
46,Brasil,Equador,2016,0,0
47,Brasil,"Eslovaca, Republica",2016,0,0
48,Brasil,Espanha,2016,0,0
49,Brasil,Estados Unidos,2016,258072,687411
50,Brasil,Estônia,2016,900,4800
51,Brasil,Filipinas,2016,0,0
52,Brasil,Finlândia,2016,7617,41003
53,Brasil,França,2016,6037,30055
54,Brasil,Gana,2016,0,0
55,Brasil,Gibraltar,2016,0,0
56,Brasil,Granada,2016,0,0
57,Brasil,Grécia,2016,0,0
58,Brasil,Guatemala,2016,0,0
59,Brasil,Guiana,2016,0,0
60,Brasil,Guiana Francesa,2016,0,0
61,Brasil,Guine Bissau,2016,0,0
62,Brasil,Guine Equatorial,2016,0,0
63,Brasil,Haiti,2016,0,0
64,Brasil,Honduras,2016,0,0
65,Brasil,Hong Kong,2016,6975,86199
66,Brasil,Hungria,2016,0,0
67,Brasil,Ilha de Man,2016,0,0
68,Brasil,Ilhas Virgens,2016,0,0
69,Brasil,India,2016,0,0
70,Brasil,Indonésia,2016,0,0
71,Brasil,Irã,2016,0,0
72,Brasil,Iraque,2016,0,0
73,Brasil,Irlanda,2016,0,0
74,Brasil,Itália,2016,585,3465
75,Brasil,Jamaica,2016,0,0
76,Brasil,Japão,2016,34341,90954
77,Brasil,Jordânia,2016,0,0
78,Brasil,Letônia,2016,0,0
79,Brasil,Líbano,2016,0,0
80,Brasil,Libéria,2016,0,0
81,Brasil,Luxemburgo,2016,2759,21426
82,Brasil,Malásia,2016,0,0
83,Brasil,Malta,2016,0,0
84,Brasil,"Marshall, Ilhas",2016,0,0
85,Brasil,Mauritânia,2016,0,0
86,Brasil,México,2016,0,0
87,Brasil,Moçambique,2016,0,0
88,Brasil,Montenegro,2016,0,0
89,Brasil,Namibia,2016,0,0
90,Brasil,Nicaragua,2016,0,0
91,Brasil,Nigéria,2016,0,0
92,Brasil,Noruega,2016,0,0
93,Brasil,Nova Caledônia,2016,0,0
94,Brasil,Nova Zelândia,2016,504,9472
95,Brasil,Omã,2016,0,0
96,Brasil,Países Baixos,2016,42953,190203
97,Brasil,Panamá,2016,0,0
98,Brasil,Paraguai,2016,985739,1655417
99,Brasil,Peru,2016,0,0
100,Brasil,Polônia,2016,11457,35402
101,Brasil,Porto Rico,2016,0,0
102,Brasil,Portugal,2016,0,0
103,Brasil,Quênia,2016,0,0
104,Brasil,Reino Unido,2016,117044,536681
105,Brasil,República Dominicana,2016,0,0
106,Brasil,Rússia,2016,0,0
107,Brasil,São Tomé e Príncipe,2016,0,0
108,Brasil,São Vicente e Granadinas,2016,0,0
109,Brasil,Senegal,2016,0,0
110,Brasil,Serra Leoa,2016,0,0
111,Brasil,Singapura,2016,0,0
112,Brasil,Suazilândia,2016,0,0
113,Brasil,Suécia,2016,291,1214
114,Brasil,Suíça,2016,4230,33340
115,Brasil,Suriname,2016,900,1375
116,Brasil,Tailândia,2016,0,0
117,Brasil,Taiwan (FORMOSA),2016,16967,80379
118,Brasil,Tanzânia,2016,0,0
119,Brasil,"Tcheca, República",2016,3837,28473
120,Brasil,Togo,2016,0,0
121,Brasil,Trinidade Tobago,2016,0,0
122,Brasil,Tunísia,2016,0,0
123,Brasil,Turquia,2016,0,0
124,Brasil,Tuvalu,2016,0,0
125,Brasil,Uruguai,2016,0,0
126,Brasil,Vanuatu,2016,0,0
127,Brasil,Venezuela,2016,0,0
128,Brasil,Vietnã,2016,0,0
1,Brasil,Afeganistão,2017,0,0
2,Brasil,África do Sul,2017,0,0
3,Brasil,"Alemanha, República Democrática",2017,15467,87702
4,Brasil,Angola,2017,10170,61680
5,Brasil,Anguilla,2017,0,0
6,Brasil,Antígua e Barbuda,2017,0,0
7,Brasil,Antilhas Holandesas,2017,5400,8550
8,Brasil,Argentina,2017,0,0
9,Brasil,Aruba,2017,0,0
10,Brasil,Austrália,2017,1350,7500
11,Brasil,Áustria,2017,0,0
12,Brasil,Bahamas,2017,0,0
13,Brasil,Bangladesh,2017,0,0
14,Brasil,Barbados,2017,0,0
15,Brasil,Barein,2017,0,0
16,Brasil,Bélgica,2017,2790,16405
17,Brasil,Belice,2017,0,0
18,Brasil,Benin,2017,0,0
19,Brasil,Bolívia,2017,9495,23085
20,Brasil,Bósnia-Herzegovina,2017,0,0
21,Brasil,Brasil,2017,0,0
22,Brasil,Bulgária,2017,117,1579
23,Brasil,Cabo Verde,2017,0,0
24,Brasil,Camarões,2017,1749,7476
25,Brasil,Canadá,2017,6075,30658
26,Brasil,Catar,2017,13338,81606
27,Brasil,"Cayman, Ilhas",2017,0,0
28,Brasil,Chile,2017,0,0
29,Brasil,China,2017,67594,266086
30,Brasil,Chipre,2017,0,0
31,Brasil,Cingapura,2017,0,0
32,Brasil,"Cocos (Keeling), Ilhas",2017,0,0
33,Brasil,Colômbia,2017,0,0
34,Brasil,Comores,2017,0,0
35,Brasil,Congo,2017,0,0
36,Brasil,"Coreia, Republica Sul",2017,0,0
37,Brasil,Costa do Marfim,2017,0,0
38,Brasil,Costa Rica,2017,0,0
39,Brasil,Croácia,2017,0,0
40,Brasil,Cuba,2017,62791,72229
41,Brasil,Curaçao,2017,12340,23011
42,Brasil,Dinamarca,2017,581,2829
43,Brasil,Dominica,2017,0,0
44,Brasil,El Salvador,2017,0,0
45,Brasil,Emirados Arabes Unidos,2017,675,3302
46,Brasil,Equador,2017,0,0
47,Brasil,"Eslovaca, Republica",2017,0,0
48,Brasil,Espanha,2017,0,0
49,Brasil,Estados Unidos,2017,132688,1523699
50,Brasil,Estônia,2017,0,0
51,Brasil,Filipinas,2017,0,0
52,Brasil,Finlândia,2017,0,0
53,Brasil,França,2017,4253,21654
54,Brasil,Gana,2017,0,0
55,Brasil,Gibraltar,2017,0,0
56,Brasil,Granada,2017,0,0
57,Brasil,Grécia,2017,0,0
58,Brasil,Guatemala,2017,0,0
59,Brasil,Guiana,2017,0,0
60,Brasil,Guiana Francesa,2017,0,0
61,Brasil,Guine Bissau,2017,48,90
62,Brasil,Guine Equatorial,2017,2639,30563
63,Brasil,Haiti,2017,0,0
64,Brasil,Honduras,2017,0,0
65,Brasil,Hong Kong,2017,1934,8180
66,Brasil,Hungria,2017,0,0
67,Brasil,Ilha de Man,2017,0,0
68,Brasil,Ilhas Virgens,2017,0,0
69,Brasil,India,2017,0,0
70,Brasil,Indonésia,2017,0,0
71,Brasil,Irã,2017,0,0
72,Brasil,Iraque,2017,0,0
73,Brasil,Irlanda,2017,0,0
74,Brasil,Itália,2017,468,2248
75,Brasil,Jamaica,2017,0,0
76,Brasil,Japão,2017,33909,92886
77,Brasil,Jordânia,2017,0,0
78,Brasil,Letônia,2017,387,3723
79,Brasil,Líbano,2017,0,0
80,Brasil,Libéria,2017,0,0
81,Brasil,Luxemburgo,2017,2719,21947
82,Brasil,Malásia,2017,0,0
83,Brasil,Malta,2017,0,0
84,Brasil,"Marshall, Ilhas",2017,0,0
85,Brasil,Mauritânia,2017,0,0
86,Brasil,México,2017,664,2292
87,Brasil,Moçambique,2017,0,0
88,Brasil,Montenegro,2017,0,0
89,Brasil,Namibia,2017,0,0
90,Brasil,Nicaragua,2017,0,0
91,Brasil,Nigéria,2017,0,0
92,Brasil,Noruega,2017,0,0
93,Brasil,Nova Caledônia,2017,0,0
94,Brasil,Nova Zelândia,2017,1678,8140
95,Brasil,Omã,2017,0,0
96,Brasil,Países Baixos,2017,0,0
97,Brasil,Panamá,2017,0,0
98,Brasil,Paraguai,2017,2393468,4274650
99,Brasil,Peru,2017,0,0
100,Brasil,Polônia,2017,0,0
101,Brasil,Porto Rico,2017,0,0
102,Brasil,Portugal,2017,0,0
103,Brasil,Quênia,2017,0,0
104,Brasil,Reino Unido,2017,60711,242883
105,Brasil,República Dominicana,2017,0,0
106,Brasil,Rússia,2017,0,0
107,Brasil,São Tomé e Príncipe,2017,0,0
108,Brasil,São Vicente e Granadinas,2017,0,0
109,Brasil,Senegal,2017,0,0
110,Brasil,Serra Leoa,2017,0,0
111,Brasil,Singapura,2017,0,0
112,Brasil,Suazilândia,2017,0,0
113,Brasil,Suécia,2017,15445,64953
114,Brasil,Suíça,2017,6525,74816
115,Brasil,Suriname,2017,3690,5638
116,Brasil,Tailândia,2017,0,0
117,Brasil,Taiwan (FORMOSA),2017,14988,43954
118,Brasil,Tanzânia,2017,0,0
119,Brasil,"Tcheca, República",2017,2746,16947
120,Brasil,Togo,2017,0,0
121,Brasil,Trinidade Tobago,2017,0,0
122,Brasil,Tunísia,2017,0,0
123,Brasil,Turquia,2017,0,0
124,Brasil,Tuvalu,2017,0,0
125,Brasil,Uruguai,2017,0,0
126,Brasil,Vanuatu,2017,0,0
127,Brasil,Venezuela,2017,680,2646
128,Brasil,Vietnã,2017,0,0
1,Brasil,Afeganistão,2018,0,0
2,Brasil,África do Sul,2018,0,0
3,Brasil,"Alemanha, República Democrática",2018,10794,45382
4,Brasil,Angola,2018,477,709
5,Brasil,Anguilla,2018,0,0
6,Brasil,Antígua e Barbuda,2018,37,191
7,Brasil,Antilhas Holandesas,2018,0,0
8,Brasil,Argentina,2018,15711,59150
9,Brasil,Aruba,2018,0,0
10,Brasil,Austrália,2018,2055,6902
11,Brasil,Áustria,2018,0,0
12,Brasil,Bahamas,2018,141,634
13,Brasil,Bangladesh,2018,0,0
14,Brasil,Barbados,2018,0,0
15,Brasil,Barein,2018,0,0
16,Brasil,Bélgica,2018,7497,52799
17,Brasil,Belice,2018,0,0
18,Brasil,Benin,2018,0,0
19,Brasil,Bolívia,2018,21566,57424
20,Brasil,Bósnia-Herzegovina,2018,0,0
21,Brasil,Brasil,2018,0,0
22,Brasil,Bulgária,2018,0,0
23,Brasil,Cabo Verde,2018,18,48
24,Brasil,Camarões,2018,0,0
25,Brasil,Canadá,2018,5308,20414
26,Brasil,Catar,2018,0,0
27,Brasil,"Cayman, Ilhas",2018,19,203
28,Brasil,Chile,2018,11049,42832
29,Brasil,China,2018,30835,126336
30,Brasil,Chipre,2018,279,480
31,Brasil,Cingapura,2018,3298,11616
32,Brasil,"Cocos (Keeling), Ilhas",2018,0,0
33,Brasil,Colômbia,2018,6944,26273
34,Brasil,Comores,2018,0,0
35,Brasil,Congo,2018,0,0
36,Brasil,"Coreia, Republica Sul",2018,120,109
37,Brasil,Costa do Marfim,2018,0,0
38,Brasil,Costa Rica,2018,0,0
39,Brasil,Croácia,2018,0,0
40,Brasil,Cuba,2018,4776,5584
41,Brasil,Curaçao,2018,23930,43676
42,Brasil,Dinamarca,2018,0,0
43,Brasil,Dominica,2018,0,0
44,Brasil,El Salvador,2018,0,0
45,Brasil,Emirados Arabes Unidos,2018,360,1762
46,Brasil,Equador,2018,0,0
47,Brasil,"Eslovaca, Republica",2018,0,0
48,Brasil,Espanha,2018,6123,22631
49,Brasil,Estados Unidos,2018,169109,512519
50,Brasil,Estônia,2018,0,0
51,Brasil,Filipinas,2018,9608,16205
52,Brasil,Finlândia,2018,0,0
53,Brasil,França,2018,11077,48677
54,Brasil,Gana,2018,9000,13502
55,Brasil,Gibraltar,2018,0,0
56,Brasil,Granada,2018,0,0
57,Brasil,Grécia,2018,232,730
58,Brasil,Guatemala,2018,0,0
59,Brasil,Guiana,2018,0,0
60,Brasil,Guiana Francesa,2018,0,0
61,Brasil,Guine Bissau,2018,0,0
62,Brasil,Guine Equatorial,2018,8389,26808
63,Brasil,Haiti,2018,79500,144425
64,Brasil,Honduras,2018,0,0
65,Brasil,Hong Kong,2018,1742,9029
66,Brasil,Hungria,2018,0,0
67,Brasil,Ilha de Man,2018,0,0
68,Brasil,Ilhas Virgens,2018,0,0
69,Brasil,India,2018,0,0
70,Brasil,Indonésia,2018,0,0
71,Brasil,Irã,2018,0,0
72,Brasil,Iraque,2018,0,0
73,Brasil,Irlanda,2018,7560,25767
74,Brasil,Itália,2018,3661,13260
75,Brasil,Jamaica,2018,0,0
76,Brasil,Japão,2018,36992,112342
77,Brasil,Jordânia,2018,0,0
78,Brasil,Letônia,2018,0,0
79,Brasil,Líbano,2018,0,0
80,Brasil,Libéria,2018,658,3100
81,Brasil,Luxemburgo,2018,1778,11053
82,Brasil,Malásia,2018,15,33
83,Brasil,Malta,2018,503,1192
84,Brasil,"Marshall, Ilhas",2018,923,2436
85,Brasil,Mauritânia,2018,0,0
86,Brasil,México,2018,2748,9744
87,Brasil,Moçambique,2018,0,0
88,Brasil,Montenegro,2018,0,0
89,Brasil,Namibia,2018,0,0
90,Brasil,Nicaragua,2018,0,0
91,Brasil,Nigéria,2018,5175,6250
92,Brasil,Noruega,2018,1295,9847
93,Brasil,Nova Caledônia,2018,0,0
94,Brasil,Nova Zelândia,2018,969,5565
95,Brasil,Omã,2018,0,0
96,Brasil,Países Baixos,2018,9451,32395
97,Brasil,Panamá,2018,1183,3117
98,Brasil,Paraguai,2018,3234168,5494321
99,Brasil,Peru,2018,5193,19372
100,Brasil,Polônia,2018,720,4679
101,Brasil,Porto Rico,2018,0,0
102,Brasil,Portugal,2018,0,0
103,Brasil,Quênia,2018,6771,31225
104,Brasil,Reino Unido,2018,67708,296827
105,Brasil,República Dominicana,2018,0,0
106,Brasil,Rússia,2018,0,0
107,Brasil,São Tomé e Príncipe,2018,2184,2357
108,Brasil,São Vicente e Granadinas,2018,0,0
109,Brasil,Senegal,2018,0,0
110,Brasil,Serra Leoa,2018,0,0
111,Brasil,Singapura,2018,0,0
112,Brasil,Suazilândia,2018,0,0
113,Brasil,Suécia,2018,8062,34563
114,Brasil,Suíça,2018,0,0
115,Brasil,Suriname,2018,0,0
116,Brasil,Tailândia,2018,8,45
117,Brasil,Taiwan (FORMOSA),2018,7589,18421
118,Brasil,Tanzânia,2018,0,0
119,Brasil,"Tcheca, República",2018,2712,20980
120,Brasil,Togo,2018,0,0
121,Brasil,Trinidade Tobago,2018,0,0
122,Brasil,Tunísia,2018,0,0
123,Brasil,Turquia,2018,360,150
124,Brasil,Tuvalu,2018,0,0
125,Brasil,Uruguai,2018,7711,29617
126,Brasil,Vanuatu,2018,0,0
127,Brasil,Venezuela,2018,71,355
128,Brasil,Vietnã,2018,0,0
1,Brasil,Afeganistão,2019,0,0
2,Brasil,África do Sul,2019,26,95
3,Brasil,"Alemanha, República Democrática",2019,3660,25467
4,Brasil,Angola,2019,345,1065
5,Brasil,Anguilla,2019,0,0
6,Brasil,Antígua e Barbuda,2019,219,1549
7,Brasil,Antilhas Holandesas,2019,0,0
8,Brasil,Argentina,2019,0,0
9,Brasil,Aruba,2019,0,0
10,Brasil,Austrália,2019,1161,4682
11,Brasil,Áustria,2019,0,0
12,Brasil,Bahamas,2019,791,3124
13,Brasil,Bangladesh,2019,0,0
14,Brasil,Barbados,2019,36,394
15,Brasil,Barein,2019,482,2144
16,Brasil,Bélgica,2019,2498,12548
17,Brasil,Belice,2019,9,29
18,Brasil,Benin,2019,9,9
19,Brasil,Bolívia,2019,0,0
20,Brasil,Bósnia-Herzegovina,2019,0,0
21,Brasil,Brasil,2019,0,0
22,Brasil,Bulgária,2019,0,0
23,Brasil,Cabo Verde,2019,0,0
24,Brasil,Camarões,2019,0,0
25,Brasil,Canadá,2019,1589,6933
26,Brasil,Catar,2019,0,0
27,Brasil,"Cayman, Ilhas",2019,19,106
28,Brasil,Chile,2019,0,0
29,Brasil,China,2019,129852,376828
30,Brasil,Chipre,2019,672,1843
31,Brasil,Cingapura,2019,5044,19099
32,Brasil,"Cocos (Keeling), Ilhas",2019,0,0
33,Brasil,Colômbia,2019,897,1999
34,Brasil,Comores,2019,0,0
35,Brasil,Congo,2019,0,0
36,Brasil,"Coreia, Republica Sul",2019,70,194
37,Brasil,Costa do Marfim,2019,0,0
38,Brasil,Costa Rica,2019,0,0
39,Brasil,Croácia,2019,0,0
40,Brasil,Cuba,2019,0,0
41,Brasil,Curaçao,2019,33951,62067
42,Brasil,Dinamarca,2019,240,306
43,Brasil,Dominica,2019,0,0
44,Brasil,El Salvador,2019,0,0
45,Brasil,Emirados Arabes Unidos,2019,450,2202
46,Brasil,Equador,2019,2,3
47,Brasil,"Eslovaca, Republica",2019,0,0
48,Brasil,Espanha,2019,3540,1353
49,Brasil,Estados Unidos,2019,209765,616274
50,Brasil,Estônia,2019,0,0
51,Brasil,Filipinas,2019,736,2486
52,Brasil,Finlândia,2019,0,0
53,Brasil,França,2019,18286,67072
54,Brasil,Gana,2019,7673,10010
55,Brasil,Gibraltar,2019,23,93
56,Brasil,Granada,2019,0,0
57,Brasil,Grécia,2019,561,1994
58,Brasil,Guatemala,2019,1597,8719
59,Brasil,Guiana,2019,424,1311
60,Brasil,Guiana Francesa,2019,0,0
61,Brasil,Guine Bissau,2019,0,0
62,Brasil,Guine Equatorial,2019,0,0
63,Brasil,Haiti,2019,81873,129803
64,Brasil,Honduras,2019,0,0
65,Brasil,Hong Kong,2019,9651,42020
66,Brasil,Hungria,2019,0,0
67,Brasil,Ilha de Man,2019,28,175
68,Brasil,Ilhas Virgens,2019,0,0
69,Brasil,India,2019,51,273
70,Brasil,Indonésia,2019,0,0
71,Brasil,Irã,2019,0,0
72,Brasil,Iraque,2019,0,0
73,Brasil,Irlanda,2019,0,0
74,Brasil,Itália,2019,587,1625
75,Brasil,Jamaica,2019,0,0
76,Brasil,Japão,2019,40621,99642
77,Brasil,Jordânia,2019,0,0
78,Brasil,Letônia,2019,0,0
79,Brasil,Líbano,2019,0,0
80,Brasil,Libéria,2019,4441,20068
81,Brasil,Luxemburgo,2019,1666,11211
82,Brasil,Malásia,2019,48,110
83,Brasil,Malta,2019,3661,8828
84,Brasil,"Marshall, Ilhas",2019,7276,15786
85,Brasil,Mauritânia,2019,0,0
86,Brasil,México,2019,4,4
87,Brasil,Moçambique,2019,0,0
88,Brasil,Montenegro,2019,9,46
89,Brasil,Namibia,2019,0,0
90,Brasil,Nicaragua,2019,0,0
91,Brasil,Nigéria,2019,28437,38555
92,Brasil,Noruega,2019,628,3139
93,Brasil,Nova Caledônia,2019,0,0
94,Brasil,Nova Zelândia,2019,500,2832
95,Brasil,Omã,2019,0,0
96,Brasil,Países Baixos,2019,44882,148031
97,Brasil,Panamá,2019,7918,29017
98,Brasil,Paraguai,2019,2419537,3826587
99,Brasil,Peru,2019,9755,17310
100,Brasil,Polônia,2019,5,11
101,Brasil,Porto Rico,2019,0,0
102,Brasil,Portugal,2019,18328,72413
103,Brasil,Quênia,2019,0,0
104,Brasil,Reino Unido,2019,34295,164592
105,Brasil,República Dominicana,2019,0,0
106,Brasil,Rússia,2019,0,0
107,Brasil,São Tomé e Príncipe,2019,0,0
108,Brasil,São Vicente e Granadinas,2019,0,0
109,Brasil,Senegal,2019,0,0
110,Brasil,Serra Leoa,2019,18,717
111,Brasil,Singapura,2019,0,0
112,Brasil,Suazilândia,2019,0,0
113,Brasil,Suécia,2019,28,761
114,Brasil,Suíça,2019,2223,28503
115,Brasil,Suriname,2019,3206,4741
116,Brasil,Tailândia,2019,128,832
117,Brasil,Taiwan (FORMOSA),2019,12,67
118,Brasil,Tanzânia,2019,0,0
119,Brasil,"Tcheca, República",2019,2115,16391
120,Brasil,Togo,2019,0,0
121,Brasil,Trinidade Tobago,2019,0,0
122,Brasil,Tunísia,2019,0,0
123,Brasil,Turquia,2019,115,209
124,Brasil,Tuvalu,2019,0,0
125,Brasil,Uruguai,2019,6180,18497
126,Brasil,Vanuatu,2019,0,0
127,Brasil,Venezuela,2019,0,0
128,Brasil,Vietnã,2019,20,32
1,Brasil,Afeganistão,2020,0,0
2,Brasil,África do Sul,2020,4,21
3,Brasil,"Alemanha, República Democrática",2020,6261,32605
4,Brasil,Angola,2020,0,0
5,Brasil,Anguilla,2020,0,0
6,Brasil,Antígua e Barbuda,2020,624,1864
7,Brasil,Antilhas Holandesas,2020,0,0
8,Brasil,Argentina,2020,1015,4176
9,Brasil,Aruba,2020,0,0
10,Brasil,Austrália,2020,1013,3413
11,Brasil,Áustria,2020,0,0
12,Brasil,Bahamas,2020,1212,3703
13,Brasil,Bangladesh,2020,3,29
14,Brasil,Barbados,2020,143,169
15,Brasil,Barein,2020,8,28
16,Brasil,Bélgica,2020,3166,20460
17,Brasil,Belice,2020,0,0
18,Brasil,Benin,2020,0,0
19,Brasil,Bolívia,2020,9900,16025
20,Brasil,Bósnia-Herzegovina,2020,45,52
21,Brasil,Brasil,2020,0,0
22,Brasil,Bulgária,2020,0,0
23,Brasil,Cabo Verde,2020,0,0
24,Brasil,Camarões,2020,0,178
25,Brasil,Canadá,2020,1672,8431
26,Brasil,Catar,2020,0,0
27,Brasil,"Cayman, Ilhas",2020,123,339
28,Brasil,Chile,2020,11,13
29,Brasil,China,2020,122253,363000
30,Brasil,Chipre,2020,2478,6785
31,Brasil,Cingapura,2020,4049,9316
32,Brasil,"Cocos (Keeling), Ilhas",2020,0,0
33,Brasil,Colômbia,2020,15660,23780
34,Brasil,Comores,2020,9,25
35,Brasil,Congo,2020,0,0
36,Brasil,"Coreia, Republica Sul",2020,103,433
37,Brasil,Costa do Marfim,2020,0,0
38,Brasil,Costa Rica,2020,0,0
39,Brasil,Croácia,2020,21,123
40,Brasil,Cuba,2020,0,0
41,Brasil,Curaçao,2020,47962,65986
42,Brasil,Dinamarca,2020,659,1962
43,Brasil,Dominica,2020,0,0
44,Brasil,El Salvador,2020,0,0
45,Brasil,Emirados Arabes Unidos,2020,581,2279
46,Brasil,Equador,2020,3780,3824
47,Brasil,"Eslovaca, Republica",2020,0,0
48,Brasil,Espanha,2020,28,126
49,Brasil,Estados Unidos,2020,300178,610793
50,Brasil,Estônia,2020,0,0
51,Brasil,Filipinas,2020,719,1548
52,Brasil,Finlândia,2020,0,0
53,Brasil,França,2020,12622,57144
54,Brasil,Gana,2020,18810,22027
55,Brasil,Gibraltar,2020,769,2860
56,Brasil,Granada,2020,0,0
57,Brasil,Grécia,2020,6859,18092
58,Brasil,Guatemala,2020,0,0
59,Brasil,Guiana,2020,990,2577
60,Brasil,Guiana Francesa,2020,0,0
61,Brasil,Guine Bissau,2020,0,0
62,Brasil,Guine Equatorial,2020,0,0
63,Brasil,Haiti,2020,399128,471152
64,Brasil,Honduras,2020,0,0
65,Brasil,Hong Kong,2020,15159,41987
66,Brasil,Hungria,2020,0,0
67,Brasil,Ilha de Man,2020,11,121
68,Brasil,Ilhas Virgens,2020,0,0
69,Brasil,India,2020,7,10
70,Brasil,Indonésia,2020,5,6
71,Brasil,Irã,2020,21,35
72,Brasil,Iraque,2020,0,0
73,Brasil,Irlanda,2020,29,257
74,Brasil,Itália,2020,91,376
75,Brasil,Jamaica,2020,0,0
76,Brasil,Japão,2020,36442,92674
77,Brasil,Jordânia,2020,12,52
78,Brasil,Letônia,2020,0,0
79,Brasil,Líbano,2020,0,0
80,Brasil,Libéria,2020,5155,17624
81,Brasil,Luxemburgo,2020,1086,5110
82,Brasil,Malásia,2020,0,0
83,Brasil,Malta,2020,3490,9688
84,Brasil,"Marshall, Ilhas",2020,6270,19639
85,Brasil,Mauritânia,2020,0,0
86,Brasil,México,2020,24,226
87,Brasil,Moçambique,2020,0,0
88,Brasil,Montenegro,2020,9,20
89,Brasil,Namibia,2020,0,0
90,Brasil,Nicaragua,2020,0,0
91,Brasil,Nigéria,2020,12094,26514
92,Brasil,Noruega,2020,1859,15134
93,Brasil,Nova Caledônia,2020,0,0
94,Brasil,Nova Zelândia,2020,95,515
95,Brasil,Omã,2020,0,0
96,Brasil,Países Baixos,2020,248,1532
97,Brasil,Panamá,2020,10821,28372
98,Brasil,Paraguai,2020,3299013,3869243
99,Brasil,Peru,2020,0,0
100,Brasil,Polônia,2020,74,86
101,Brasil,Porto Rico,2020,0,0
102,Brasil,Portugal,2020,7958,34518
103,Brasil,Quênia,2020,0,0
104,Brasil,Reino Unido,2020,22913,82722
105,Brasil,República Dominicana,2020,0,0
106,Brasil,Rússia,2020,1463,8550
107,Brasil,São Tomé e Príncipe,2020,0,0
108,Brasil,São Vicente e Granadinas,2020,0,0
109,Brasil,Senegal,2020,0,0
110,Brasil,Serra Leoa,2020,9240,13050
111,Brasil,Singapura,2020,0,0
112,Brasil,Suazilândia,2020,0,0
113,Brasil,Suécia,2020,6,24
114,Brasil,Suíça,2020,2827,27930
115,Brasil,Suriname,2020,4185,5277
116,Brasil,Tailândia,2020,534,1753
117,Brasil,Taiwan (FORMOSA),2020,963,4673
118,Brasil,Tanzânia,2020,0,0
119,Brasil,"Tcheca, República",2020,563,4805
120,Brasil,Togo,2020,0,0
121,Brasil,Trinidade Tobago,2020,0,0
122,Brasil,Tunísia,2020,0,0
123,Brasil,Turquia,2020,0,0
124,Brasil,Tuvalu,2020,2,4
125,Brasil,Uruguai,2020,0,0
126,Brasil,Vanuatu,2020,18,31
127,Brasil,Venezuela,2020,4086,9808
128,Brasil,Vietnã,2020,86,584
1,Brasil,Afeganistão,2021,11,46
2,Brasil,África do Sul,2021,0,0
3,Brasil,"Alemanha, República Democrática",2021,2698,6741
4,Brasil,Angola,2021,0,0
5,Brasil,Anguilla,2021,0,0
6,Brasil,Antígua e Barbuda,2021,805,2268
7,Brasil,Antilhas Holandesas,2021,0,0
8,Brasil,Argentina,2021,6,13
9,Brasil,Aruba,2021,0,0
10,Brasil,Austrália,2021,705,4034
11,Brasil,Áustria,2021,0,0
12,Brasil,Bahamas,2021,1083,4567
13,Brasil,Bangladesh,2021,2,20
14,Brasil,Barbados,2021,216,844
15,Brasil,Barein,2021,302,894
16,Brasil,Bélgica,2021,483,3749
17,Brasil,Belice,2021,0,0
18,Brasil,Benin,2021,0,0
19,Brasil,Bolívia,2021,5850,8360
20,Brasil,Bósnia-Herzegovina,2021,0,0
21,Brasil,Brasil,2021,31,46
22,Brasil,Bulgária,2021,0,0
23,Brasil,Cabo Verde,2021,16,124
24,Brasil,Camarões,2021,0,0
25,Brasil,Canadá,2021,1172,6157
26,Brasil,Catar,2021,1,2
27,Brasil,"Cayman, Ilhas",2021,104,356
28,Brasil,Chile,2021,26,6
29,Brasil,China,2021,61884,264116
30,Brasil,Chipre,2021,1855,4530
31,Brasil,Cingapura,2021,0,0
32,Brasil,"Cocos (Keeling), Ilhas",2021,0,0
33,Brasil,Colômbia,2021,12160,21867
34,Brasil,Comores,2021,0,0
35,Brasil,Congo,2021,0,0
36,Brasil,"Coreia, Republica Sul",2021,67,100
37,Brasil,Costa do Marfim,2021,0,0
38,Brasil,Costa Rica,2021,0,0
39,Brasil,Croácia,2021,0,0
40,Brasil,Cuba,2021,0,0
41,Brasil,Curaçao,2021,32263,58993
42,Brasil,Dinamarca,2021,87,504
43,Brasil,Dominica,2021,460,634
44,Brasil,El Salvador,2021,0,0
45,Brasil,Emirados Arabes Unidos,2021,810,10522
46,Brasil,Equador,2021,0,0
47,Brasil,"Eslovaca, Republica",2021,0,0
48,Brasil,Espanha,2021,0,0
49,Brasil,Estados Unidos,2021,111085,203554
50,Brasil,Estônia,2021,0,0
51,Brasil,Filipinas,2021,2784,10368
52,Brasil,Finlândia,2021,0,0
53,Brasil,França,2021,7052,23742
54,Brasil,Gana,2021,12578,19196
55,Brasil,Gibraltar,2021,0,0
56,Brasil,Granada,2021,0,0
57,Brasil,Grécia,2021,908,3014
58,Brasil,Guatemala,2021,17347,29100
59,Brasil,Guiana,2021,2372,6525
60,Brasil,Guiana Francesa,2021,90,32
61,Brasil,Guine Bissau,2021,0,0
62,Brasil,Guine Equatorial,2021,0,0
63,Brasil,Haiti,2021,670379,831181
64,Brasil,Honduras,2021,0,0
65,Brasil,Hong Kong,2021,12507,39390
66,Brasil,Hungria,2021,87,583
67,Brasil,Ilha de Man,2021,97,445
68,Brasil,Ilhas Virgens,2021,0,0
69,Brasil,India,2021,13,86
70,Brasil,Indonésia,2021,0,0
71,Brasil,Irã,2021,116,287
72,Brasil,Iraque,2021,0,0
73,Brasil,Irlanda,2021,36,208
74,Brasil,Itália,2021,696,3715
75,Brasil,Jamaica,2021,0,0
76,Brasil,Japão,2021,39491,90275
77,Brasil,Jordânia,2021,0,0
78,Brasil,Letônia,2021,0,0
79,Brasil,Líbano,2021,0,0
80,Brasil,Libéria,2021,7554,23060
81,Brasil,Luxemburgo,2021,0,0
82,Brasil,Malásia,2021,0,0
83,Brasil,Malta,2021,3441,15454
84,Brasil,"Marshall, Ilhas",2021,8644,22561
85,Brasil,Mauritânia,2021,9,85
86,Brasil,México,2021,9,2
87,Brasil,Moçambique,2021,0,0
88,Brasil,Montenegro,2021,14,65
89,Brasil,Namibia,2021,0,0
90,Brasil,Nicaragua,2021,0,0
91,Brasil,Nigéria,2021,68247,113172
92,Brasil,Noruega,2021,1878,8320
93,Brasil,Nova Caledônia,2021,7227,11924
94,Brasil,Nova Zelândia,2021,657,10477
95,Brasil,Omã,2021,0,0
96,Brasil,Países Baixos,2021,3791,8484
97,Brasil,Panamá,2021,29520,48444
98,Brasil,Paraguai,2021,6522527,7192362
99,Brasil,Peru,2021,9720,17107
100,Brasil,Polônia,2021,4,14
101,Brasil,Porto Rico,2021,0,0
102,Brasil,Portugal,2021,6358,42633
103,Brasil,Quênia,2021,0,0
104,Brasil,Reino Unido,2021,25316,122394
105,Brasil,República Dominicana,2021,0,0
106,Brasil,Rússia,2021,181931,312926
107,Brasil,São Tomé e Príncipe,2021,0,0
108,Brasil,São Vicente e Granadinas,2021,8,48
109,Brasil,Senegal,2021,0,0
110,Brasil,Serra Leoa,2021,6525,12955
111,Brasil,Singapura,2021,4504,14346
112,Brasil,Suazilândia,2021,10,24
113,Brasil,Suécia,2021,23,74
114,Brasil,Suíça,2021,627,6999
115,Brasil,Suriname,2021,900,1472
116,Brasil,Tailândia,2021,1334,2529
117,Brasil,Taiwan (FORMOSA),2021,1313,8153
118,Brasil,Tanzânia,2021,0,0
119,Brasil,"Tcheca, República",2021,456,5988
120,Brasil,Togo,2021,1890,2012
121,Brasil,Trinidade Tobago,2021,0,0
122,Brasil,Tunísia,2021,0,0
123,Brasil,Turquia,2021,343,878
124,Brasil,Tuvalu,2021,0,0
125,Brasil,Uruguai,2021,136774,149842
126,Brasil,Vanuatu,2021,0,0
127,Brasil,Venezuela,2021,26415,35944
128,Brasil,Vietnã,2021,0,0
1,Brasil,Afeganistão,2022,0,0
2,Brasil,África do Sul,2022,0,0
3,Brasil,"Alemanha, República Democrática",2022,7630,45367
4,Brasil,Angola,2022,4068,4761
5,Brasil,Anguilla,2022,0,0
6,Brasil,Antígua e Barbuda,2022,419,1866
7,Brasil,Antilhas Holandesas,2022,0,0
8,Brasil,Argentina,2022,480,3232
9,Brasil,Aruba,2022,0,0
10,Brasil,Austrália,2022,1424,12299
11,Brasil,Áustria,2022,6,212
12,Brasil,Bahamas,2022,1215,5799
13,Brasil,Bangladesh,2022,7,84
14,Brasil,Barbados,2022,220,1145
15,Brasil,Barein,2022,979,2789
16,Brasil,Bélgica,2022,828,6145
17,Brasil,Belice,2022,0,0
18,Brasil,Benin,2022,0,0
19,Brasil,Bolívia,2022,32530,49011
20,Brasil,Bósnia-Herzegovina,2022,0,0
21,Brasil,Brasil,2022,2504,952
22,Brasil,Bulgária,2022,5,31
23,Brasil,Cabo Verde,2022,0,0
24,Brasil,Camarões,2022,0,0
25,Brasil,Canadá,2022,1183,5784
26,Brasil,Catar,2022,0,0
27,Brasil,"Cayman, Ilhas",2022,160,958
28,Brasil,Chile,2022,2094,7986
29,Brasil,China,2022,105395,404647
30,Brasil,Chipre,2022,1521,4458
31,Brasil,Cingapura,2022,0,0
32,Brasil,"Cocos (Keeling), Ilhas",2022,26,60
33,Brasil,Colômbia,2022,8217,14068
34,Brasil,Comores,2022,0,0
35,Brasil,Congo,2022,0,0
36,Brasil,"Coreia, Republica Sul",2022,77,257
37,Brasil,Costa do Marfim,2022,0,0
38,Brasil,Costa Rica,2022,0,0
39,Brasil,Croácia,2022,34,484
40,Brasil,Cuba,2022,16,6
41,Brasil,Curaçao,2022,40673,66950
42,Brasil,Dinamarca,2022,2,6
43,Brasil,Dominica,2022,1485,2223
44,Brasil,El Salvador,2022,0,0
45,Brasil,Emirados Arabes Unidos,2022,4781,85465
46,Brasil,Equador,2022,135,210
47,Brasil,"Eslovaca, Republica",2022,0,0
48,Brasil,Espanha,2022,0,0
49,Brasil,Estados Unidos,2022,220373,447893
50,Brasil,Estônia,2022,0,0
51,Brasil,Filipinas,2022,375,790
52,Brasil,Finlândia,2022,0,0
53,Brasil,França,2022,5694,25008
54,Brasil,Gana,2022,35949,49304
55,Brasil,Gibraltar,2022,0,0
56,Brasil,Granada,2022,5610,7914
57,Brasil,Grécia,2022,920,2426
58,Brasil,Guatemala,2022,1283,5350
59,Brasil,Guiana,2022,2064,5823
60,Brasil,Guiana Francesa,2022,22,18
61,Brasil,Guine Bissau,2022,0,0
62,Brasil,Guine Equatorial,2022,0,0
63,Brasil,Haiti,2022,553503,741014
64,Brasil,Honduras,2022,0,0
65,Brasil,Hong Kong,2022,9371,38218
66,Brasil,Hungria,2022,0,0
67,Brasil,Ilha de Man,2022,165,641
68,Brasil,Ilhas Virgens,2022,0,0
69,Brasil,India,2022,247,1021
70,Brasil,Indonésia,2022,0,0
71,Brasil,Irã,2022,47,90
72,Brasil,Iraque,2022,0,0
73,Brasil,Irlanda,2022,0,0
74,Brasil,Itália,2022,1129,6151
75,Brasil,Jamaica,2022,0,0
76,Brasil,Japão,2022,37324,82208
77,Brasil,Jordânia,2022,0,0
78,Brasil,Letônia,2022,0,0
79,Brasil,Líbano,2022,0,0
80,Brasil,Libéria,2022,9145,34815
81,Brasil,Luxemburgo,2022,36,802
82,Brasil,Malásia,2022,0,0
83,Brasil,Malta,2022,3127,15587
84,Brasil,"Marshall, Ilhas",2022,7240,27178
85,Brasil,Mauritânia,2022,0,0
86,Brasil,México,2022,6,33
87,Brasil,Moçambique,2022,383,1927
88,Brasil,Montenegro,2022,0,0
89,Brasil,Namibia,2022,0,0
90,Brasil,Nicaragua,2022,0,0
91,Brasil,Nigéria,2022,32234,50283
92,Brasil,Noruega,2022,2711,40316
93,Brasil,Nova Caledônia,2022,0,0
94,Brasil,Nova Zelândia,2022,63,156
95,Brasil,Omã,2022,194,670
96,Brasil,Países Baixos,2022,7034,37240
97,Brasil,Panamá,2022,11490,49392
98,Brasil,Paraguai,2022,5076670,7156293
99,Brasil,Peru,2022,0,0
100,Brasil,Polônia,2022,0,0
101,Brasil,Porto Rico,2022,0,0
102,Brasil,Portugal,2022,1918,7613
103,Brasil,Quênia,2022,1440,2080
104,Brasil,Reino Unido,2022,18835,138154
105,Brasil,República Dominicana,2022,0,0
106,Brasil,Rússia,2022,66046,118618
107,Brasil,São Tomé e Príncipe,2022,0,0
108,Brasil,São Vicente e Granadinas,2022,20,51
109,Brasil,Senegal,2022,0,0
110,Brasil,Serra Leoa,2022,8101,15182
111,Brasil,Singapura,2022,4322,15434
112,Brasil,Suazilândia,2022,0,0
113,Brasil,Suécia,2022,5,18
114,Brasil,Suíça,2022,1584,20863
115,Brasil,Suriname,2022,1225,3360
116,Brasil,Tailândia,2022,432,1713
117,Brasil,Taiwan (FORMOSA),2022,25,277
118,Brasil,Tanzânia,2022,0,0
119,Brasil,"Tcheca, República",2022,1305,9997
120,Brasil,Togo,2022,17317,25608
121,Brasil,Trinidade Tobago,2022,0,0
122,Brasil,Tunísia,2022,0,0
123,Brasil,Turquia,2022,418,503
124,Brasil,Tuvalu,2022,0,0
125,Brasil,Uruguai,2022,637117,997367
126,Brasil,Vanuatu,2022,0,0
127,Brasil,Venezuela,2022,23220,32351
128,Brasil,Vietnã,2022,130,277
